Year,County,AgeCat,fpPopulation,Population,dif,pctDiff
2011,53001,0-17,6758.206,6802.521,-44.315,-0.007
2012,53001,0-17,6822.613,6913.486,-90.873,-0.013
2013,53001,0-17,6925.46,7064.398,-138.938,-0.02
2014,53001,0-17,7063.578,7249.954,-186.376,-0.026
2015,53001,0-17,7320.707,7553.24,-232.533,-0.031
2016,53001,0-17,7214.202,7482.375,-268.173,-0.036
2017,53001,0-17,7229.135,7535.885,-306.75,-0.041
2018,53001,0-17,7161.356,7501.558,-340.201,-0.045
2019,53001,0-17,7067.927,7452.364,-384.437,-0.052
2020,53001,0-17,7052.613,7481.816,-429.202,-0.057
2011,53003,0-17,4595.332,4598.453,-3.121,-0.001
2012,53003,0-17,4496.507,4502.005,-5.498,-0.001
2013,53003,0-17,4487.355,4496.585,-9.23,-0.002
2014,53003,0-17,4513.995,4524.75,-10.754,-0.002
2015,53003,0-17,4541.154,4555.933,-14.779,-0.003
2016,53003,0-17,4554.078,4570.381,-16.303,-0.004
2017,53003,0-17,4547.263,4567.993,-20.73,-0.005
2018,53003,0-17,4532.697,4552.222,-19.525,-0.004
2019,53003,0-17,4544.265,4569.834,-25.569,-0.006
2020,53003,0-17,4544.481,4574.825,-30.344,-0.007
2011,53005,0-17,47862.446,47677.257,185.189,0.004
2012,53005,0-17,48017.965,47653.62,364.345,0.008
2013,53005,0-17,48794.813,48243.09,551.723,0.011
2014,53005,0-17,49473.084,48716.272,756.812,0.016
2015,53005,0-17,50017.786,49056.692,961.094,0.02
2016,53005,0-17,50771.055,49583.022,1188.032,0.024
2017,53005,0-17,51660.442,50282.397,1378.046,0.027
2018,53005,0-17,52656.796,51098.686,1558.11,0.03
2019,53005,0-17,53768.967,52060.679,1708.288,0.033
2020,53005,0-17,54763.636,52905.857,1857.779,0.035
2011,53007,0-17,17845.718,17875.782,-30.064,-0.002
2012,53007,0-17,17718.358,17774.858,-56.5,-0.003
2013,53007,0-17,17609.103,17689.205,-80.102,-0.005
2014,53007,0-17,17589.406,17689.024,-99.618,-0.006
2015,53007,0-17,17645.016,17771.294,-126.278,-0.007
2016,53007,0-17,17772.734,17926.51,-153.776,-0.009
2017,53007,0-17,17842.001,18032.453,-190.452,-0.011
2018,53007,0-17,17883.063,18094.027,-210.964,-0.012
2019,53007,0-17,17850.986,18088.102,-237.117,-0.013
2020,53007,0-17,17931.632,18208.087,-276.455,-0.015
2011,53009,0-17,12746.952,12807.426,-60.474,-0.005
2012,53009,0-17,12589.415,12709.104,-119.689,-0.009
2013,53009,0-17,12493.735,12670.327,-176.593,-0.014
2014,53009,0-17,12398.635,12632.636,-234.0,-0.019
2015,53009,0-17,12346.147,12638.648,-292.501,-0.023
2016,53009,0-17,12478.415,12840.081,-361.666,-0.028
2017,53009,0-17,12513.911,12943.672,-429.761,-0.033
2018,53009,0-17,12535.757,13035.201,-499.444,-0.038
2019,53009,0-17,12560.828,13126.404,-565.576,-0.043
2020,53009,0-17,12532.453,13156.86,-624.407,-0.047
2011,53011,0-17,111378.161,111100.724,277.437,0.002
2012,53011,0-17,110781.432,110233.633,547.799,0.005
2013,53011,0-17,110529.795,109708.529,821.266,0.007
2014,53011,0-17,110990.904,109872.545,1118.359,0.01
2015,53011,0-17,111971.789,110569.823,1401.966,0.013
2016,53011,0-17,112564.237,110840.206,1724.032,0.016
2017,53011,0-17,114009.46,112024.13,1985.33,0.018
2018,53011,0-17,114900.099,112647.237,2252.863,0.02
2019,53011,0-17,115928.227,113435.835,2492.391,0.022
2020,53011,0-17,117464.891,114726.131,2738.76,0.024
2011,53013,0-17,802.812,813.97,-11.158,-0.014
2012,53013,0-17,772.462,793.822,-21.361,-0.027
2013,53013,0-17,742.278,772.787,-30.51,-0.039
2014,53013,0-17,727.188,766.365,-39.177,-0.051
2015,53013,0-17,715.578,766.087,-50.509,-0.066
2016,53013,0-17,696.339,756.478,-60.139,-0.079
2017,53013,0-17,691.945,764.139,-72.194,-0.094
2018,53013,0-17,686.814,771.143,-84.328,-0.109
2019,53013,0-17,672.291,768.0,-95.709,-0.125
2020,53013,0-17,667.829,775.524,-107.695,-0.139
2011,53015,0-17,24371.509,24337.024,34.484,0.001
2012,53015,0-17,24149.85,24081.142,68.709,0.003
2013,53015,0-17,23948.134,23843.543,104.591,0.004
2014,53015,0-17,23830.672,23688.469,142.203,0.006
2015,53015,0-17,23831.522,23655.257,176.265,0.007
2016,53015,0-17,24017.19,23801.821,215.368,0.009
2017,53015,0-17,24251.135,24000.479,250.656,0.01
2018,53015,0-17,24512.294,24224.804,287.49,0.012
2019,53015,0-17,24794.932,24488.162,306.771,0.013
2020,53015,0-17,25133.045,24794.283,338.762,0.014
2011,53017,0-17,10321.515,10330.133,-8.619,-0.001
2012,53017,0-17,10213.63,10229.61,-15.98,-0.002
2013,53017,0-17,10155.007,10178.787,-23.78,-0.002
2014,53017,0-17,10204.964,10231.073,-26.109,-0.003
2015,53017,0-17,10189.366,10212.811,-23.445,-0.002
2016,53017,0-17,10369.756,10399.906,-30.15,-0.003
2017,53017,0-17,10471.273,10521.148,-49.876,-0.005
2018,53017,0-17,10587.848,10659.947,-72.099,-0.007
2019,53017,0-17,10676.235,10761.941,-85.707,-0.008
2020,53017,0-17,10856.292,10957.351,-101.059,-0.009
2011,53019,0-17,1449.41,1455.539,-6.129,-0.004
2012,53019,0-17,1437.241,1449.96,-12.718,-0.009
2013,53019,0-17,1414.559,1433.836,-19.277,-0.013
2014,53019,0-17,1388.256,1413.667,-25.411,-0.018
2015,53019,0-17,1387.197,1418.23,-31.033,-0.022
2016,53019,0-17,1370.93,1409.524,-38.594,-0.027
2017,53019,0-17,1373.928,1419.649,-45.721,-0.032
2018,53019,0-17,1367.506,1419.788,-52.282,-0.037
2019,53019,0-17,1365.922,1423.364,-57.442,-0.04
2020,53019,0-17,1372.817,1435.304,-62.487,-0.044
2011,53021,0-17,27255.273,27285.58,-30.308,-0.001
2012,53021,0-17,27791.62,27863.306,-71.686,-0.003
2013,53021,0-17,28336.097,28454.959,-118.862,-0.004
2014,53021,0-17,28822.725,28970.913,-148.188,-0.005
2015,53021,0-17,28908.911,29077.65,-168.739,-0.006
2016,53021,0-17,29248.55,29410.491,-161.94,-0.006
2017,53021,0-17,29577.722,29744.412,-166.69,-0.006
2018,53021,0-17,29892.512,30101.606,-209.094,-0.007
2019,53021,0-17,30195.251,30390.489,-195.238,-0.006
2020,53021,0-17,30462.985,30672.065,-209.08,-0.007
2011,53023,0-17,448.613,446.269,2.344,0.005
2012,53023,0-17,453.099,448.658,4.441,0.01
2013,53023,0-17,449.773,441.944,7.829,0.018
2014,53023,0-17,441.586,432.549,9.037,0.021
2015,53023,0-17,449.319,437.445,11.874,0.027
2016,53023,0-17,464.759,452.827,11.932,0.026
2017,53023,0-17,472.126,457.066,15.06,0.033
2018,53023,0-17,483.696,467.89,15.806,0.034
2019,53023,0-17,494.138,475.21,18.929,0.04
2020,53023,0-17,496.183,476.767,19.415,0.041
2011,53025,0-17,27149.007,27203.541,-54.534,-0.002
2012,53025,0-17,27185.394,27297.984,-112.589,-0.004
2013,53025,0-17,27323.775,27494.493,-170.718,-0.006
2014,53025,0-17,27491.537,27705.012,-213.474,-0.008
2015,53025,0-17,27610.175,27862.214,-252.038,-0.009
2016,53025,0-17,27875.877,28155.78,-279.903,-0.01
2017,53025,0-17,27990.354,28311.994,-321.641,-0.011
2018,53025,0-17,28255.821,28652.426,-396.605,-0.014
2019,53025,0-17,28410.598,28883.171,-472.573,-0.016
2020,53025,0-17,28521.647,29066.393,-544.746,-0.019
2011,53027,0-17,15513.904,15513.569,0.335,0.0
2012,53027,0-17,15382.144,15380.263,1.881,0.0
2013,53027,0-17,15252.77,15248.178,4.592,0.0
2014,53027,0-17,15124.497,15114.486,10.011,0.001
2015,53027,0-17,15073.125,15059.2,13.925,0.001
2016,53027,0-17,15251.042,15231.487,19.554,0.001
2017,53027,0-17,15208.593,15193.489,15.104,0.001
2018,53027,0-17,15169.778,15156.809,12.969,0.001
2019,53027,0-17,15109.803,15102.717,7.086,0.0
2020,53027,0-17,15068.303,15064.949,3.354,0.0
2011,53029,0-17,16042.903,16126.24,-83.337,-0.005
2012,53029,0-17,15930.676,16098.035,-167.359,-0.01
2013,53029,0-17,15827.833,16082.1,-254.267,-0.016
2014,53029,0-17,15810.639,16144.273,-333.634,-0.021
2015,53029,0-17,15771.841,16189.832,-417.991,-0.026
2016,53029,0-17,15386.018,15875.922,-489.904,-0.031
2017,53029,0-17,15306.179,15871.245,-565.066,-0.036
2018,53029,0-17,15419.064,16071.74,-652.676,-0.041
2019,53029,0-17,15546.834,16291.43,-744.595,-0.046
2020,53029,0-17,15686.767,16512.999,-826.231,-0.05
2011,53031,0-17,4300.187,4301.408,-1.221,-0.0
2012,53031,0-17,4241.229,4243.009,-1.78,-0.0
2013,53031,0-17,4177.891,4179.814,-1.923,-0.0
2014,53031,0-17,4133.081,4136.212,-3.131,-0.001
2015,53031,0-17,4079.869,4083.121,-3.252,-0.001
2016,53031,0-17,4064.203,4070.334,-6.131,-0.002
2017,53031,0-17,4040.888,4052.858,-11.971,-0.003
2018,53031,0-17,4005.779,4019.297,-13.518,-0.003
2019,53031,0-17,4001.085,4015.727,-14.642,-0.004
2020,53031,0-17,4013.631,4026.156,-12.525,-0.003
2011,53033,0-17,414681.895,415253.943,-572.049,-0.001
2012,53033,0-17,416208.752,417335.114,-1126.362,-0.003
2013,53033,0-17,419214.492,420854.735,-1640.243,-0.004
2014,53033,0-17,424296.92,426424.678,-2127.758,-0.005
2015,53033,0-17,429846.521,432641.699,-2795.179,-0.006
2016,53033,0-17,436897.869,440544.564,-3646.695,-0.008
2017,53033,0-17,443825.347,448139.643,-4314.296,-0.01
2018,53033,0-17,448036.01,452886.244,-4850.234,-0.011
2019,53033,0-17,451563.873,456974.866,-5410.994,-0.012
2020,53033,0-17,454817.224,460857.248,-6040.025,-0.013
2011,53035,0-17,55454.869,55541.076,-86.206,-0.002
2012,53035,0-17,54745.776,54918.939,-173.163,-0.003
2013,53035,0-17,53937.409,54194.733,-257.324,-0.005
2014,53035,0-17,53801.86,54136.475,-334.615,-0.006
2015,53035,0-17,54000.474,54419.735,-419.261,-0.008
2016,53035,0-17,54370.43,54873.028,-502.598,-0.009
2017,53035,0-17,54819.859,55430.14,-610.281,-0.011
2018,53035,0-17,55131.23,55848.443,-717.213,-0.013
2019,53035,0-17,55433.349,56263.956,-830.608,-0.015
2020,53035,0-17,55735.396,56666.215,-930.819,-0.016
2011,53037,0-17,7290.801,7346.948,-56.146,-0.008
2012,53037,0-17,7546.904,7668.932,-122.027,-0.016
2013,53037,0-17,7810.298,8006.284,-195.987,-0.024
2014,53037,0-17,8003.847,8280.032,-276.185,-0.033
2015,53037,0-17,7755.187,8044.585,-289.397,-0.036
2016,53037,0-17,8054.469,8394.061,-339.592,-0.04
2017,53037,0-17,8226.939,8627.985,-401.045,-0.046
2018,53037,0-17,8347.569,8796.484,-448.915,-0.051
2019,53037,0-17,8465.467,8973.386,-507.919,-0.057
2020,53037,0-17,8671.36,9246.944,-575.583,-0.062
2011,53039,0-17,4447.269,4439.716,7.552,0.002
2012,53039,0-17,4360.072,4345.239,14.834,0.003
2013,53039,0-17,4329.276,4306.116,23.159,0.005
2014,53039,0-17,4273.951,4244.788,29.163,0.007
2015,53039,0-17,4259.171,4222.898,36.273,0.009
2016,53039,0-17,4267.627,4226.761,40.866,0.01
2017,53039,0-17,4306.358,4260.248,46.109,0.011
2018,53039,0-17,4356.727,4302.652,54.075,0.013
2019,53039,0-17,4424.489,4364.395,60.093,0.014
2020,53039,0-17,4467.704,4398.328,69.376,0.016
2011,53041,0-17,17299.618,17221.424,78.195,0.005
2012,53041,0-17,17226.029,17068.894,157.135,0.009
2013,53041,0-17,17138.709,16902.251,236.458,0.014
2014,53041,0-17,17036.893,16721.749,315.144,0.019
2015,53041,0-17,17078.849,16692.185,386.664,0.023
2016,53041,0-17,17263.133,16797.66,465.473,0.028
2017,53041,0-17,17477.373,16935.196,542.177,0.032
2018,53041,0-17,17669.407,17047.399,622.008,0.036
2019,53041,0-17,17904.355,17213.166,691.188,0.04
2020,53041,0-17,18139.592,17380.478,759.114,0.044
2011,53043,0-17,2361.525,2366.367,-4.843,-0.002
2012,53043,0-17,2321.665,2331.346,-9.681,-0.004
2013,53043,0-17,2275.944,2287.798,-11.854,-0.005
2014,53043,0-17,2262.856,2276.149,-13.293,-0.006
2015,53043,0-17,2215.51,2231.292,-15.781,-0.007
2016,53043,0-17,2239.113,2260.545,-21.433,-0.009
2017,53043,0-17,2233.343,2258.219,-24.876,-0.011
2018,53043,0-17,2251.782,2284.594,-32.812,-0.014
2019,53043,0-17,2279.903,2323.814,-43.911,-0.019
2020,53043,0-17,2280.403,2331.401,-50.998,-0.022
2011,53045,0-17,12171.653,12196.044,-24.391,-0.002
2012,53045,0-17,12137.157,12188.69,-51.533,-0.004
2013,53045,0-17,12090.809,12167.531,-76.722,-0.006
2014,53045,0-17,12026.904,12125.818,-98.914,-0.008
2015,53045,0-17,11959.222,12084.321,-125.099,-0.01
2016,53045,0-17,12021.493,12170.917,-149.424,-0.012
2017,53045,0-17,12144.071,12321.779,-177.709,-0.014
2018,53045,0-17,12238.347,12448.291,-209.944,-0.017
2019,53045,0-17,12332.035,12574.07,-242.035,-0.019
2020,53045,0-17,12433.703,12711.019,-277.316,-0.022
2011,53047,0-17,9521.811,9583.101,-61.29,-0.006
2012,53047,0-17,9440.192,9563.993,-123.801,-0.013
2013,53047,0-17,9380.625,9564.479,-183.854,-0.019
2014,53047,0-17,9349.436,9593.089,-243.653,-0.025
2015,53047,0-17,9307.958,9612.01,-304.052,-0.032
2016,53047,0-17,9339.271,9715.009,-375.738,-0.039
2017,53047,0-17,9323.428,9768.57,-445.142,-0.046
2018,53047,0-17,9300.727,9817.08,-516.353,-0.053
2019,53047,0-17,9232.687,9813.284,-580.597,-0.059
2020,53047,0-17,9180.132,9825.107,-644.975,-0.066
2011,53049,0-17,3679.673,3647.818,31.855,0.009
2012,53049,0-17,3679.313,3616.26,63.053,0.017
2013,53049,0-17,3705.591,3609.416,96.176,0.027
2014,53049,0-17,3715.451,3588.104,127.346,0.035
2015,53049,0-17,3767.536,3607.446,160.09,0.044
2016,53049,0-17,3875.841,3678.151,197.69,0.054
2017,53049,0-17,3944.003,3711.588,232.416,0.063
2018,53049,0-17,3971.001,3701.688,269.313,0.073
2019,53049,0-17,3984.607,3683.857,300.75,0.082
2020,53049,0-17,4010.789,3673.261,337.528,0.092
2011,53051,0-17,2715.694,2723.014,-7.32,-0.003
2012,53051,0-17,2653.53,2667.814,-14.284,-0.005
2013,53051,0-17,2610.746,2631.131,-20.385,-0.008
2014,53051,0-17,2546.099,2572.405,-26.306,-0.01
2015,53051,0-17,2513.012,2546.146,-33.133,-0.013
2016,53051,0-17,2492.809,2531.866,-39.058,-0.015
2017,53051,0-17,2479.424,2526.215,-46.792,-0.019
2018,53051,0-17,2485.335,2541.615,-56.281,-0.022
2019,53051,0-17,2495.611,2563.007,-67.396,-0.026
2020,53051,0-17,2504.761,2581.543,-76.782,-0.03
2011,53053,0-17,195729.088,196348.612,-619.524,-0.003
2012,53053,0-17,195166.817,196392.691,-1225.874,-0.006
2013,53053,0-17,195031.392,196836.17,-1804.778,-0.009
2014,53053,0-17,195761.014,198119.38,-2358.366,-0.012
2015,53053,0-17,197186.626,200175.105,-2988.478,-0.015
2016,53053,0-17,201281.559,204921.697,-3640.137,-0.018
2017,53053,0-17,204559.5,208882.953,-4323.453,-0.021
2018,53053,0-17,206795.905,211824.38,-5028.474,-0.024
2019,53053,0-17,209520.983,215282.607,-5761.625,-0.027
2020,53053,0-17,211517.136,217993.392,-6476.256,-0.03
2011,53055,0-17,2439.71,2411.75,27.96,0.012
2012,53055,0-17,2389.274,2333.276,55.998,0.024
2013,53055,0-17,2359.286,2274.759,84.527,0.037
2014,53055,0-17,2362.276,2250.263,112.012,0.05
2015,53055,0-17,2347.764,2210.029,137.735,0.062
2016,53055,0-17,2343.133,2176.953,166.181,0.076
2017,53055,0-17,2368.688,2174.994,193.694,0.089
2018,53055,0-17,2411.691,2186.81,224.881,0.103
2019,53055,0-17,2468.34,2214.903,253.437,0.114
2020,53055,0-17,2522.812,2238.771,284.041,0.127
2011,53057,0-17,27272.054,27298.244,-26.19,-0.001
2012,53057,0-17,27041.828,27096.098,-54.27,-0.002
2013,53057,0-17,26924.845,27001.87,-77.026,-0.003
2014,53057,0-17,26949.37,27040.762,-91.392,-0.003
2015,53057,0-17,26994.061,27112.842,-118.781,-0.004
2016,53057,0-17,27291.598,27439.566,-147.967,-0.005
2017,53057,0-17,27543.717,27721.755,-178.038,-0.006
2018,53057,0-17,27751.351,27964.662,-213.31,-0.008
2019,53057,0-17,27966.347,28218.343,-251.996,-0.009
2020,53057,0-17,28042.946,28320.833,-277.886,-0.01
2011,53059,0-17,2392.458,2404.915,-12.457,-0.005
2012,53059,0-17,2361.26,2385.761,-24.501,-0.01
2013,53059,0-17,2301.966,2338.178,-36.212,-0.015
2014,53059,0-17,2267.584,2316.556,-48.972,-0.021
2015,53059,0-17,2215.659,2274.066,-58.406,-0.026
2016,53059,0-17,2165.565,2235.487,-69.923,-0.031
2017,53059,0-17,2172.431,2257.454,-85.023,-0.038
2018,53059,0-17,2171.49,2272.239,-100.749,-0.044
2019,53059,0-17,2173.139,2290.476,-117.337,-0.051
2020,53059,0-17,2164.385,2297.107,-132.721,-0.058
2011,53061,0-17,172511.14,172185.265,325.875,0.002
2012,53061,0-17,171153.194,170510.54,642.654,0.004
2013,53061,0-17,171081.219,170112.775,968.444,0.006
2014,53061,0-17,172153.467,170855.885,1297.582,0.008
2015,53061,0-17,174794.528,173192.851,1601.677,0.009
2016,53061,0-17,177792.339,175838.153,1954.186,0.011
2017,53061,0-17,181230.349,178948.806,2281.543,0.013
2018,53061,0-17,184030.802,181396.405,2634.397,0.015
2019,53061,0-17,186565.606,183622.288,2943.318,0.016
2020,53061,0-17,188685.818,185440.052,3245.766,0.018
2011,53063,0-17,109309.997,109520.771,-210.774,-0.002
2012,53063,0-17,108957.82,109375.484,-417.664,-0.004
2013,53063,0-17,109297.827,109917.762,-619.935,-0.006
2014,53063,0-17,109837.257,110647.644,-810.387,-0.007
2015,53063,0-17,110225.202,111263.562,-1038.361,-0.009
2016,53063,0-17,111639.421,112896.433,-1257.012,-0.011
2017,53063,0-17,113183.689,114661.931,-1478.242,-0.013
2018,53063,0-17,114532.451,116256.992,-1724.541,-0.015
2019,53063,0-17,115535.486,117510.977,-1975.491,-0.017
2020,53063,0-17,116525.951,118767.878,-2241.926,-0.019
2011,53065,0-17,10180.91,10130.486,50.424,0.005
2012,53065,0-17,9964.594,9865.697,98.897,0.01
2013,53065,0-17,9778.9,9630.755,148.146,0.015
2014,53065,0-17,9613.868,9418.397,195.471,0.021
2015,53065,0-17,9547.162,9307.211,239.95,0.026
2016,53065,0-17,9475.055,9188.4,286.655,0.031
2017,53065,0-17,9551.473,9214.798,336.675,0.037
2018,53065,0-17,9652.281,9265.618,386.663,0.042
2019,53065,0-17,9766.028,9328.306,437.721,0.047
2020,53065,0-17,9838.206,9341.817,496.389,0.053
2011,53067,0-17,57492.404,57465.988,26.416,0.0
2012,53067,0-17,57518.059,57462.014,56.045,0.001
2013,53067,0-17,57797.745,57703.394,94.351,0.002
2014,53067,0-17,58344.929,58203.314,141.615,0.002
2015,53067,0-17,58895.738,58727.51,168.228,0.003
2016,53067,0-17,60173.251,59991.841,181.41,0.003
2017,53067,0-17,61046.284,60841.463,204.821,0.003
2018,53067,0-17,61915.873,61695.215,220.657,0.004
2019,53067,0-17,62585.877,62377.863,208.015,0.003
2020,53067,0-17,63483.159,63304.867,178.292,0.003
2011,53069,0-17,738.365,726.18,12.185,0.017
2012,53069,0-17,726.116,702.524,23.593,0.034
2013,53069,0-17,724.719,690.31,34.409,0.05
2014,53069,0-17,731.548,682.82,48.728,0.071
2015,53069,0-17,717.05,656.992,60.058,0.091
2016,53069,0-17,720.207,652.33,67.877,0.104
2017,53069,0-17,718.619,640.402,78.217,0.122
2018,53069,0-17,739.782,648.735,91.048,0.14
2019,53069,0-17,757.988,656.21,101.778,0.155
2020,53069,0-17,770.347,653.072,117.276,0.18
2011,53071,0-17,13207.542,13244.333,-36.791,-0.003
2012,53071,0-17,13091.774,13160.424,-68.65,-0.005
2013,53071,0-17,13181.845,13284.284,-102.438,-0.008
2014,53071,0-17,13351.308,13483.397,-132.089,-0.01
2015,53071,0-17,13425.04,13591.653,-166.613,-0.012
2016,53071,0-17,13141.564,13345.58,-204.016,-0.015
2017,53071,0-17,13387.989,13634.636,-246.647,-0.018
2018,53071,0-17,13417.162,13698.193,-281.03,-0.021
2019,53071,0-17,13386.719,13703.217,-316.499,-0.023
2020,53071,0-17,13287.209,13637.537,-350.328,-0.026
2011,53073,0-17,42505.246,42618.725,-113.48,-0.003
2012,53073,0-17,42269.392,42490.244,-220.852,-0.005
2013,53073,0-17,42219.368,42542.681,-323.313,-0.008
2014,53073,0-17,42236.139,42656.017,-419.878,-0.01
2015,53073,0-17,42374.179,42900.241,-526.063,-0.012
2016,53073,0-17,42852.505,43483.843,-631.339,-0.015
2017,53073,0-17,43261.173,43997.347,-736.173,-0.017
2018,53073,0-17,43620.108,44449.628,-829.52,-0.019
2019,53073,0-17,43995.19,44945.656,-950.467,-0.021
2020,53073,0-17,44012.589,45098.019,-1085.43,-0.024
2011,53075,0-17,6749.417,6878.945,-129.528,-0.019
2012,53075,0-17,6899.59,7113.381,-213.791,-0.03
2013,53075,0-17,7153.046,7434.502,-281.456,-0.038
2014,53075,0-17,7383.483,7756.413,-372.93,-0.048
2015,53075,0-17,7323.856,7638.479,-314.623,-0.041
2016,53075,0-17,7738.303,8052.561,-314.258,-0.039
2017,53075,0-17,7858.605,8187.708,-329.104,-0.04
2018,53075,0-17,7884.129,8231.548,-347.419,-0.042
2019,53075,0-17,7911.783,8281.363,-369.58,-0.045
2020,53075,0-17,7785.297,8172.969,-387.672,-0.047
2011,53077,0-17,73583.566,74066.97,-483.404,-0.007
2012,53077,0-17,73384.686,74348.372,-963.685,-0.013
2013,53077,0-17,73496.041,74920.677,-1424.636,-0.019
2014,53077,0-17,73835.33,75715.859,-1880.529,-0.025
2015,53077,0-17,74347.098,76698.818,-2351.72,-0.031
2016,53077,0-17,74605.691,77400.652,-2794.962,-0.036
2017,53077,0-17,74511.172,77801.44,-3290.268,-0.042
2018,53077,0-17,74026.837,77829.972,-3803.135,-0.049
2019,53077,0-17,73303.118,77591.695,-4288.577,-0.055
2020,53077,0-17,72860.827,77641.912,-4781.085,-0.062
2011,53001,18-44,6657.319,6656.92,0.399,0.0
2012,53001,18-44,6726.664,6725.913,0.751,0.0
2013,53001,18-44,6787.866,6787.977,-0.111,-0.0
2014,53001,18-44,6818.168,6811.699,6.469,0.001
2015,53001,18-44,6770.897,6747.099,23.798,0.004
2016,53001,18-44,6772.249,6753.613,18.636,0.003
2017,53001,18-44,6892.562,6871.436,21.126,0.003
2018,53001,18-44,6978.205,6953.484,24.72,0.004
2019,53001,18-44,7053.711,7038.762,14.949,0.002
2020,53001,18-44,7185.31,7177.592,7.718,0.001
2011,53003,18-44,6486.317,6461.189,25.128,0.004
2012,53003,18-44,6310.484,6262.805,47.679,0.008
2013,53003,18-44,6316.799,6248.374,68.426,0.011
2014,53003,18-44,6261.479,6167.864,93.615,0.015
2015,53003,18-44,6215.774,6102.167,113.607,0.019
2016,53003,18-44,6039.381,5891.282,148.099,0.025
2017,53003,18-44,5996.096,5820.437,175.659,0.03
2018,53003,18-44,6007.736,5799.83,207.906,0.036
2019,53003,18-44,6023.534,5791.528,232.006,0.04
2020,53003,18-44,6019.829,5766.337,253.492,0.044
2011,53005,18-44,61695.23,61629.109,66.121,0.001
2012,53005,18-44,62658.015,62541.592,116.423,0.002
2013,53005,18-44,63736.367,63560.636,175.731,0.003
2014,53005,18-44,64442.295,64189.818,252.477,0.004
2015,53005,18-44,64537.94,64219.809,318.131,0.005
2016,53005,18-44,63848.777,63377.239,471.538,0.007
2017,53005,18-44,64367.281,63796.657,570.624,0.009
2018,53005,18-44,65732.258,65078.954,653.304,0.01
2019,53005,18-44,67274.589,66577.8,696.789,0.01
2020,53005,18-44,68459.956,67737.794,722.162,0.011
2011,53007,18-44,23037.161,22894.253,142.907,0.006
2012,53007,18-44,23367.824,23078.087,289.737,0.013
2013,53007,18-44,23635.732,23186.238,449.494,0.019
2014,53007,18-44,23729.29,23118.47,610.82,0.026
2015,53007,18-44,23745.683,22972.848,772.834,0.034
2016,53007,18-44,23273.084,22347.201,925.882,0.041
2017,53007,18-44,23287.066,22214.046,1073.02,0.048
2018,53007,18-44,23484.007,22237.419,1246.588,0.056
2019,53007,18-44,23712.846,22309.924,1402.923,0.063
2020,53007,18-44,23806.853,22271.901,1534.952,0.069
2011,53009,18-44,19411.305,19430.345,-19.039,-0.001
2012,53009,18-44,19606.647,19649.72,-43.073,-0.002
2013,53009,18-44,19656.057,19724.267,-68.211,-0.003
2014,53009,18-44,19631.051,19718.685,-87.633,-0.004
2015,53009,18-44,19525.784,19631.302,-105.518,-0.005
2016,53009,18-44,19285.561,19383.465,-97.904,-0.005
2017,53009,18-44,19260.439,19369.185,-108.746,-0.006
2018,53009,18-44,19386.234,19496.545,-110.311,-0.006
2019,53009,18-44,19555.412,19676.545,-121.133,-0.006
2020,53009,18-44,19620.086,19765.343,-145.257,-0.007
2011,53011,18-44,151016.782,150610.392,406.39,0.003
2012,53011,18-44,152157.029,151381.38,775.649,0.005
2013,53011,18-44,153225.029,152076.393,1148.636,0.008
2014,53011,18-44,154810.266,153256.394,1553.872,0.01
2015,53011,18-44,156731.152,154780.322,1950.831,0.013
2016,53011,18-44,156766.784,154294.006,2472.777,0.016
2017,53011,18-44,159037.998,156105.736,2932.263,0.019
2018,53011,18-44,161879.142,158490.529,3388.612,0.021
2019,53011,18-44,165126.431,161308.419,3818.013,0.024
2020,53011,18-44,168569.479,164289.824,4279.655,0.026
2011,53013,18-44,1003.77,980.949,22.821,0.023
2012,53013,18-44,1034.76,987.872,46.888,0.047
2013,53013,18-44,1067.414,994.85,72.564,0.073
2014,53013,18-44,1075.48,977.76,97.72,0.1
2015,53013,18-44,1079.694,960.411,119.283,0.124
2016,53013,18-44,1001.108,866.355,134.754,0.156
2017,53013,18-44,995.552,840.551,155.001,0.184
2018,53013,18-44,1000.199,823.463,176.736,0.215
2019,53013,18-44,1015.133,814.541,200.592,0.246
2020,53013,18-44,1035.59,807.651,227.939,0.282
2011,53015,18-44,32928.206,32842.206,86.0,0.003
2012,53015,18-44,33223.109,33055.946,167.163,0.005
2013,53015,18-44,33350.806,33102.004,248.802,0.008
2014,53015,18-44,33311.551,32978.062,333.489,0.01
2015,53015,18-44,33181.337,32763.416,417.922,0.013
2016,53015,18-44,32668.874,32138.758,530.115,0.016
2017,53015,18-44,32620.949,31989.566,631.382,0.02
2018,53015,18-44,32818.373,32090.079,728.294,0.023
2019,53015,18-44,33037.717,32229.844,807.873,0.025
2020,53015,18-44,33160.121,32280.644,879.477,0.027
2011,53017,18-44,12684.839,12731.605,-46.766,-0.004
2012,53017,18-44,12814.476,12909.354,-94.877,-0.007
2013,53017,18-44,12932.672,13075.006,-142.334,-0.011
2014,53017,18-44,12954.12,13134.916,-180.796,-0.014
2015,53017,18-44,12917.502,13128.028,-210.526,-0.016
2016,53017,18-44,12897.521,13139.928,-242.407,-0.018
2017,53017,18-44,12988.46,13272.552,-284.092,-0.021
2018,53017,18-44,13139.455,13482.976,-343.521,-0.025
2019,53017,18-44,13334.758,13734.276,-399.518,-0.029
2020,53017,18-44,13554.389,14020.805,-466.416,-0.033
2011,53019,18-44,2014.321,2044.856,-30.535,-0.015
2012,53019,18-44,1985.394,2048.266,-62.872,-0.031
2013,53019,18-44,1950.029,2046.654,-96.625,-0.047
2014,53019,18-44,1905.837,2034.205,-128.367,-0.063
2015,53019,18-44,1851.834,2009.899,-158.065,-0.079
2016,53019,18-44,1794.78,1980.737,-185.957,-0.094
2017,53019,18-44,1741.388,1955.613,-214.225,-0.11
2018,53019,18-44,1704.316,1948.203,-243.887,-0.125
2019,53019,18-44,1669.219,1943.766,-274.546,-0.141
2020,53019,18-44,1629.141,1929.64,-300.498,-0.156
2011,53021,18-44,31941.921,31908.464,33.457,0.001
2012,53021,18-44,32708.746,32651.607,57.139,0.002
2013,53021,18-44,33578.84,33491.239,87.601,0.003
2014,53021,18-44,33957.792,33832.312,125.481,0.004
2015,53021,18-44,33641.971,33466.601,175.369,0.005
2016,53021,18-44,33400.978,33123.21,277.768,0.008
2017,53021,18-44,33794.417,33449.249,345.167,0.01
2018,53021,18-44,34683.869,34331.389,352.479,0.01
2019,53021,18-44,35636.824,35261.228,375.596,0.011
2020,53021,18-44,36502.06,36073.913,428.147,0.012
2011,53023,18-44,553.312,538.654,14.658,0.027
2012,53023,18-44,566.454,537.673,28.781,0.054
2013,53023,18-44,583.436,539.654,43.782,0.081
2014,53023,18-44,590.669,532.743,57.926,0.109
2015,53023,18-44,606.245,530.651,75.594,0.142
2016,53023,18-44,495.98,424.762,71.219,0.168
2017,53023,18-44,497.134,413.061,84.073,0.204
2018,53023,18-44,516.147,415.929,100.218,0.241
2019,53023,18-44,534.777,414.103,120.675,0.291
2020,53023,18-44,560.128,414.691,145.437,0.351
2011,53025,18-44,31764.479,31810.402,-45.923,-0.001
2012,53025,18-44,32135.719,32234.996,-99.277,-0.003
2013,53025,18-44,32208.7,32357.884,-149.184,-0.005
2014,53025,18-44,32343.226,32528.335,-185.109,-0.006
2015,53025,18-44,32427.377,32637.273,-209.897,-0.006
2016,53025,18-44,31800.859,32006.366,-205.508,-0.006
2017,53025,18-44,31913.237,32145.334,-232.097,-0.007
2018,53025,18-44,32432.249,32712.549,-280.3,-0.009
2019,53025,18-44,32867.873,33211.499,-343.627,-0.01
2020,53025,18-44,33262.403,33653.779,-391.376,-0.012
2011,53027,18-44,23484.417,23515.494,-31.078,-0.001
2012,53027,18-44,23607.772,23677.672,-69.9,-0.003
2013,53027,18-44,23637.803,23745.811,-108.007,-0.005
2014,53027,18-44,23537.147,23675.684,-138.537,-0.006
2015,53027,18-44,23132.859,23301.835,-168.976,-0.007
2016,53027,18-44,22001.801,22155.973,-154.172,-0.007
2017,53027,18-44,21857.0,22028.959,-171.959,-0.008
2018,53027,18-44,21968.46,22172.856,-204.397,-0.009
2019,53027,18-44,22074.318,22319.353,-245.035,-0.011
2020,53027,18-44,22112.945,22406.413,-293.468,-0.013
2011,53029,18-44,24936.574,24632.036,304.538,0.012
2012,53029,18-44,25333.504,24722.78,610.724,0.025
2013,53029,18-44,25659.254,24742.549,916.705,0.037
2014,53029,18-44,25801.329,24578.117,1223.212,0.05
2015,53029,18-44,25907.932,24373.861,1534.071,0.063
2016,53029,18-44,24998.317,23161.56,1836.757,0.079
2017,53029,18-44,24811.368,22680.476,2130.892,0.094
2018,53029,18-44,25056.162,22609.558,2446.604,0.108
2019,53029,18-44,25317.808,22574.237,2743.571,0.122
2020,53029,18-44,25530.977,22496.603,3034.373,0.135
2011,53031,18-44,6709.254,6687.657,21.597,0.003
2012,53031,18-44,6741.581,6701.291,40.29,0.006
2013,53031,18-44,6741.566,6693.564,48.002,0.007
2014,53031,18-44,6771.393,6699.619,71.774,0.011
2015,53031,18-44,6727.329,6639.326,88.003,0.013
2016,53031,18-44,6622.414,6515.823,106.591,0.016
2017,53031,18-44,6594.336,6470.832,123.505,0.019
2018,53031,18-44,6629.131,6482.309,146.822,0.023
2019,53031,18-44,6679.363,6509.032,170.332,0.026
2020,53031,18-44,6710.227,6515.453,194.774,0.03
2011,53033,18-44,780509.439,783846.659,-3337.22,-0.004
2012,53033,18-44,774080.149,780604.193,-6524.044,-0.008
2013,53033,18-44,779725.052,789336.323,-9611.271,-0.012
2014,53033,18-44,795873.439,808615.52,-12742.081,-0.016
2015,53033,18-44,810031.109,825931.513,-15900.404,-0.019
2016,53033,18-44,860005.454,879717.861,-19712.407,-0.022
2017,53033,18-44,891373.052,914842.571,-23469.519,-0.026
2018,53033,18-44,912757.908,939730.327,-26972.419,-0.029
2019,53033,18-44,934558.169,964977.248,-30419.079,-0.032
2020,53033,18-44,953385.416,987156.048,-33770.632,-0.034
2011,53035,18-44,88903.174,88005.21,897.964,0.01
2012,53035,18-44,89482.168,87686.32,1795.849,0.02
2013,53035,18-44,88361.028,85736.205,2624.823,0.031
2014,53035,18-44,88812.809,85296.165,3516.644,0.041
2015,53035,18-44,89041.851,84638.018,4403.832,0.052
2016,53035,18-44,87929.194,82695.882,5233.312,0.063
2017,53035,18-44,88268.875,82134.616,6134.259,0.075
2018,53035,18-44,89417.638,82372.516,7045.122,0.086
2019,53035,18-44,90716.48,82726.14,7990.34,0.097
2020,53035,18-44,91718.666,82780.077,8938.589,0.108
2011,53037,18-44,18773.243,18686.009,87.234,0.005
2012,53037,18-44,18603.554,18438.277,165.277,0.009
2013,53037,18-44,18509.8,18265.011,244.79,0.013
2014,53037,18-44,18302.305,17977.989,324.316,0.018
2015,53037,18-44,18286.861,17894.664,392.197,0.022
2016,53037,18-44,17878.967,17390.742,488.225,0.028
2017,53037,18-44,18065.383,17497.825,567.558,0.032
2018,53037,18-44,18332.445,17671.497,660.948,0.037
2019,53037,18-44,18676.568,17940.866,735.702,0.041
2020,53037,18-44,19240.032,18407.122,832.91,0.045
2011,53039,18-44,5628.514,5615.088,13.426,0.002
2012,53039,18-44,5646.8,5611.829,34.971,0.006
2013,53039,18-44,5654.11,5604.7,49.409,0.009
2014,53039,18-44,5643.881,5577.846,66.035,0.012
2015,53039,18-44,5608.936,5522.254,86.682,0.016
2016,53039,18-44,5542.166,5460.482,81.684,0.015
2017,53039,18-44,5613.679,5522.426,91.253,0.017
2018,53039,18-44,5711.092,5608.513,102.579,0.018
2019,53039,18-44,5858.481,5745.816,112.665,0.02
2020,53039,18-44,5961.757,5838.96,122.798,0.021
2011,53041,18-44,23690.627,23678.08,12.547,0.001
2012,53041,18-44,23883.042,23866.217,16.825,0.001
2013,53041,18-44,23748.364,23730.038,18.327,0.001
2014,53041,18-44,23759.327,23734.029,25.298,0.001
2015,53041,18-44,23662.836,23633.947,28.889,0.001
2016,53041,18-44,23356.15,23302.66,53.489,0.002
2017,53041,18-44,23299.492,23227.914,71.577,0.003
2018,53041,18-44,23454.674,23358.945,95.729,0.004
2019,53041,18-44,23618.372,23509.719,108.653,0.005
2020,53041,18-44,23687.371,23574.113,113.258,0.005
2011,53043,18-44,2548.543,2542.239,6.304,0.002
2012,53043,18-44,2621.848,2610.349,11.499,0.004
2013,53043,18-44,2643.575,2629.164,14.411,0.005
2014,53043,18-44,2644.324,2628.723,15.602,0.006
2015,53043,18-44,2657.227,2639.222,18.005,0.007
2016,53043,18-44,2476.107,2438.514,37.594,0.015
2017,53043,18-44,2490.45,2447.735,42.715,0.017
2018,53043,18-44,2525.4,2476.23,49.17,0.02
2019,53043,18-44,2560.3,2506.623,53.678,0.021
2020,53043,18-44,2578.464,2522.209,56.255,0.022
2011,53045,18-44,18638.078,18670.103,-32.025,-0.002
2012,53045,18-44,18723.449,18793.382,-69.932,-0.004
2013,53045,18-44,18784.172,18893.613,-109.441,-0.006
2014,53045,18-44,18723.837,18859.072,-135.235,-0.007
2015,53045,18-44,18621.223,18789.627,-168.404,-0.009
2016,53045,18-44,18426.832,18598.947,-172.115,-0.009
2017,53045,18-44,18502.276,18689.312,-187.036,-0.01
2018,53045,18-44,18696.315,18909.188,-212.874,-0.011
2019,53045,18-44,18939.479,19181.217,-241.737,-0.013
2020,53045,18-44,19067.756,19347.258,-279.501,-0.014
2011,53047,18-44,11803.122,11749.915,53.206,0.005
2012,53047,18-44,11929.518,11829.931,99.587,0.008
2013,53047,18-44,11902.336,11755.125,147.212,0.013
2014,53047,18-44,11839.496,11641.505,197.991,0.017
2015,53047,18-44,11771.049,11527.348,243.701,0.021
2016,53047,18-44,11188.884,10878.416,310.468,0.029
2017,53047,18-44,11068.701,10708.892,359.809,0.034
2018,53047,18-44,11016.475,10608.935,407.54,0.038
2019,53047,18-44,11017.473,10560.391,457.082,0.043
2020,53047,18-44,10937.222,10429.835,507.388,0.049
2011,53049,18-44,5150.856,5128.536,22.321,0.004
2012,53049,18-44,5134.464,5092.696,41.768,0.008
2013,53049,18-44,5116.947,5059.322,57.626,0.011
2014,53049,18-44,5088.15,5006.765,81.385,0.016
2015,53049,18-44,5039.605,4934.146,105.459,0.021
2016,53049,18-44,4961.161,4833.079,128.082,0.027
2017,53049,18-44,4930.167,4777.952,152.215,0.032
2018,53049,18-44,4932.744,4751.424,181.319,0.038
2019,53049,18-44,4925.207,4714.267,210.939,0.045
2020,53049,18-44,4918.582,4690.592,227.99,0.049
2011,53051,18-44,3161.558,3190.946,-29.389,-0.009
2012,53051,18-44,3176.399,3236.85,-60.451,-0.019
2013,53051,18-44,3162.947,3263.185,-100.238,-0.031
2014,53051,18-44,3143.107,3277.261,-134.154,-0.041
2015,53051,18-44,3098.414,3267.072,-168.658,-0.052
2016,53051,18-44,3041.215,3248.365,-207.15,-0.064
2017,53051,18-44,3016.051,3253.515,-237.464,-0.073
2018,53051,18-44,3023.375,3289.276,-265.901,-0.081
2019,53051,18-44,3043.137,3331.269,-288.131,-0.086
2020,53051,18-44,3026.164,3344.159,-317.995,-0.095
2011,53053,18-44,303543.724,301274.644,2269.081,0.008
2012,53053,18-44,306686.396,302201.675,4484.721,0.015
2013,53053,18-44,308843.689,302114.681,6729.007,0.022
2014,53053,18-44,309575.557,300610.886,8964.671,0.03
2015,53053,18-44,310835.964,299679.112,11156.852,0.037
2016,53053,18-44,311792.554,298262.325,13530.229,0.045
2017,53053,18-44,317159.931,301248.571,15911.36,0.053
2018,53053,18-44,323547.711,305315.798,18231.913,0.06
2019,53053,18-44,332480.919,311800.396,20680.523,0.066
2020,53053,18-44,338262.634,315300.649,22961.985,0.073
2011,53055,18-44,3625.068,3618.808,6.26,0.002
2012,53055,18-44,3661.275,3646.205,15.069,0.004
2013,53055,18-44,3682.902,3668.561,14.341,0.004
2014,53055,18-44,3682.54,3665.951,16.588,0.005
2015,53055,18-44,3671.588,3654.08,17.508,0.005
2016,53055,18-44,3670.259,3647.249,23.01,0.006
2017,53055,18-44,3694.172,3667.831,26.341,0.007
2018,53055,18-44,3768.337,3741.995,26.343,0.007
2019,53055,18-44,3858.194,3834.674,23.52,0.006
2020,53055,18-44,3882.915,3861.336,21.579,0.006
2011,53057,18-44,38033.481,38011.807,21.674,0.001
2012,53057,18-44,38360.796,38329.038,31.758,0.001
2013,53057,18-44,38513.688,38465.157,48.531,0.001
2014,53057,18-44,38475.682,38395.995,79.687,0.002
2015,53057,18-44,38366.1,38263.482,102.618,0.003
2016,53057,18-44,37707.561,37560.779,146.781,0.004
2017,53057,18-44,37746.142,37566.178,179.964,0.005
2018,53057,18-44,38147.73,37936.23,211.5,0.006
2019,53057,18-44,38636.202,38416.719,219.483,0.006
2020,53057,18-44,38814.29,38579.818,234.472,0.006
2011,53059,18-44,3227.751,3242.455,-14.703,-0.005
2012,53059,18-44,3254.55,3285.403,-30.853,-0.009
2013,53059,18-44,3236.173,3283.653,-47.48,-0.014
2014,53059,18-44,3199.507,3264.507,-64.999,-0.02
2015,53059,18-44,3165.324,3244.12,-78.796,-0.024
2016,53059,18-44,3095.827,3185.069,-89.243,-0.028
2017,53059,18-44,3102.197,3202.165,-99.968,-0.031
2018,53059,18-44,3127.738,3240.044,-112.306,-0.035
2019,53059,18-44,3146.477,3274.46,-127.983,-0.039
2020,53059,18-44,3162.418,3305.231,-142.813,-0.043
2011,53061,18-44,266221.096,266117.821,103.275,0.0
2012,53061,18-44,267686.45,267511.401,175.049,0.001
2013,53061,18-44,268785.577,268505.821,279.756,0.001
2014,53061,18-44,270157.373,269728.213,429.16,0.002
2015,53061,18-44,274396.312,273805.436,590.876,0.002
2016,53061,18-44,274189.029,273189.301,999.728,0.004
2017,53061,18-44,278373.744,277164.551,1209.193,0.004
2018,53061,18-44,283890.572,282586.366,1304.205,0.005
2019,53061,18-44,288168.688,286814.343,1354.344,0.005
2020,53061,18-44,290617.552,289272.512,1345.04,0.005
2011,53063,18-44,174144.593,172905.421,1239.172,0.007
2012,53063,18-44,176391.236,173902.813,2488.423,0.014
2013,53063,18-44,178692.245,174926.163,3766.082,0.022
2014,53063,18-44,180102.62,175062.495,5040.125,0.029
2015,53063,18-44,180949.044,174682.685,6266.359,0.036
2016,53063,18-44,180033.978,172541.74,7492.239,0.043
2017,53063,18-44,182396.649,173670.344,8726.306,0.05
2018,53063,18-44,186481.812,176465.272,10016.54,0.057
2019,53063,18-44,190642.078,179319.295,11322.783,0.063
2020,53063,18-44,194414.459,181769.647,12644.812,0.07
2011,53065,18-44,11445.584,11450.976,-5.392,-0.0
2012,53065,18-44,11631.407,11644.36,-12.953,-0.001
2013,53065,18-44,11732.982,11763.188,-30.206,-0.003
2014,53065,18-44,11779.182,11828.23,-49.048,-0.004
2015,53065,18-44,11765.442,11830.293,-64.851,-0.005
2016,53065,18-44,11721.024,11799.512,-78.489,-0.007
2017,53065,18-44,11702.4,11778.216,-75.816,-0.006
2018,53065,18-44,11775.758,11847.445,-71.687,-0.006
2019,53065,18-44,11849.681,11914.393,-64.712,-0.005
2020,53065,18-44,11897.994,11968.462,-70.468,-0.006
2011,53067,18-44,91062.238,90710.791,351.447,0.004
2012,53067,18-44,92243.955,91551.435,692.521,0.008
2013,53067,18-44,93340.495,92301.327,1039.168,0.011
2014,53067,18-44,94125.139,92715.962,1409.177,0.015
2015,53067,18-44,94459.54,92710.885,1748.655,0.019
2016,53067,18-44,94339.791,92198.671,2141.12,0.023
2017,53067,18-44,95046.47,92545.883,2500.587,0.027
2018,53067,18-44,96707.456,93838.706,2868.75,0.031
2019,53067,18-44,98240.827,95020.55,3220.277,0.034
2020,53067,18-44,99963.912,96387.269,3576.642,0.037
2011,53069,18-44,875.934,860.783,15.15,0.018
2012,53069,18-44,899.332,869.615,29.717,0.034
2013,53069,18-44,915.196,869.685,45.512,0.052
2014,53069,18-44,913.714,859.002,54.712,0.064
2015,53069,18-44,918.085,856.641,61.444,0.072
2016,53069,18-44,920.507,846.625,73.881,0.087
2017,53069,18-44,927.375,841.06,86.315,0.103
2018,53069,18-44,941.289,838.484,102.805,0.123
2019,53069,18-44,954.421,839.915,114.505,0.136
2020,53069,18-44,960.225,834.214,126.01,0.151
2011,53071,18-44,21657.728,21575.402,82.326,0.004
2012,53071,18-44,21863.85,21703.341,160.508,0.007
2013,53071,18-44,21805.802,21565.833,239.969,0.011
2014,53071,18-44,21597.246,21274.145,323.101,0.015
2015,53071,18-44,21490.572,21093.367,397.205,0.019
2016,53071,18-44,21702.135,21197.795,504.341,0.024
2017,53071,18-44,21420.64,20843.728,576.911,0.028
2018,53071,18-44,21499.978,20841.258,658.719,0.032
2019,53071,18-44,21600.329,20865.031,735.299,0.035
2020,53071,18-44,21806.443,20983.489,822.953,0.039
2011,53073,18-44,78665.813,78327.433,338.38,0.004
2012,53073,18-44,79298.574,78657.122,641.452,0.008
2013,53073,18-44,79996.2,79047.33,948.871,0.012
2014,53073,18-44,80132.764,78847.879,1284.885,0.016
2015,53073,18-44,80195.374,78585.523,1609.851,0.02
2016,53073,18-44,79386.927,77410.801,1976.126,0.026
2017,53073,18-44,80131.155,77814.445,2316.71,0.03
2018,53073,18-44,81425.036,78756.844,2668.192,0.034
2019,53073,18-44,83214.14,80192.163,3021.977,0.038
2020,53073,18-44,84077.702,80730.324,3347.379,0.041
2011,53075,18-44,26310.57,26579.859,-269.289,-0.01
2012,53075,18-44,26983.921,27503.694,-519.773,-0.019
2013,53075,18-44,26505.628,27251.593,-745.965,-0.027
2014,53075,18-44,26383.193,27358.376,-975.183,-0.036
2015,53075,18-44,26672.137,27874.631,-1202.494,-0.043
2016,53075,18-44,25991.986,27551.325,-1559.34,-0.057
2017,53075,18-44,26259.159,28009.1,-1749.94,-0.062
2018,53075,18-44,26619.389,28575.881,-1956.492,-0.068
2019,53075,18-44,27183.304,29366.775,-2183.471,-0.074
2020,53075,18-44,27631.347,29993.986,-2362.64,-0.079
2011,53077,18-44,86055.212,85768.597,286.616,0.003
2012,53077,18-44,86333.451,85764.0,569.451,0.007
2013,53077,18-44,86053.258,85164.339,888.92,0.01
2014,53077,18-44,85505.164,84282.929,1222.234,0.015
2015,53077,18-44,84185.777,82643.144,1542.632,0.019
2016,53077,18-44,82829.992,80951.637,1878.355,0.023
2017,53077,18-44,83157.03,80988.736,2168.293,0.027
2018,53077,18-44,83955.805,81531.897,2423.907,0.03
2019,53077,18-44,84962.475,82291.959,2670.516,0.032
2020,53077,18-44,86080.248,83160.395,2919.853,0.035
2011,53001,45-64,3645.099,3620.163,24.936,0.007
2012,53001,45-64,3592.597,3544.146,48.451,0.014
2013,53001,45-64,3561.036,3491.298,69.737,0.02
2014,53001,45-64,3572.299,3479.927,92.372,0.027
2015,53001,45-64,3453.064,3337.414,115.65,0.035
2016,53001,45-64,3657.829,3517.496,140.333,0.04
2017,53001,45-64,3806.447,3637.844,168.603,0.046
2018,53001,45-64,3874.756,3680.764,193.991,0.053
2019,53001,45-64,3935.131,3720.683,214.448,0.058
2020,53001,45-64,4032.078,3793.453,238.625,0.063
2011,53003,45-64,6323.867,6315.843,8.024,0.001
2012,53003,45-64,6410.736,6393.938,16.798,0.003
2013,53003,45-64,6370.918,6346.424,24.494,0.004
2014,53003,45-64,6381.822,6348.48,33.343,0.005
2015,53003,45-64,6354.137,6312.605,41.532,0.007
2016,53003,45-64,6436.702,6384.601,52.101,0.008
2017,53003,45-64,6429.615,6368.115,61.5,0.01
2018,53003,45-64,6370.68,6298.663,72.017,0.011
2019,53003,45-64,6275.368,6198.115,77.253,0.012
2020,53003,45-64,6185.027,6103.035,81.992,0.013
2011,53005,45-64,47224.818,47340.12,-115.302,-0.002
2012,53005,45-64,47172.498,47404.632,-232.134,-0.005
2013,53005,45-64,47482.654,47827.978,-345.324,-0.007
2014,53005,45-64,48007.517,48456.584,-449.067,-0.009
2015,53005,45-64,48438.233,48994.556,-556.323,-0.011
2016,53005,45-64,49307.792,49960.591,-652.799,-0.013
2017,53005,45-64,49635.974,50386.207,-750.233,-0.015
2018,53005,45-64,49769.586,50617.928,-848.341,-0.017
2019,53005,45-64,49884.16,50849.633,-965.474,-0.019
2020,53005,45-64,49976.629,51057.366,-1080.737,-0.021
2011,53007,45-64,20390.924,20422.108,-31.184,-0.002
2012,53007,45-64,20265.522,20323.441,-57.919,-0.003
2013,53007,45-64,20143.588,20225.285,-81.697,-0.004
2014,53007,45-64,20242.5,20363.851,-121.351,-0.006
2015,53007,45-64,20392.084,20543.787,-151.703,-0.007
2016,53007,45-64,20730.052,20920.292,-190.24,-0.009
2017,53007,45-64,20798.638,21025.64,-227.002,-0.011
2018,53007,45-64,20766.006,21019.084,-253.079,-0.012
2019,53007,45-64,20572.476,20848.762,-276.287,-0.013
2020,53007,45-64,20589.142,20900.801,-311.659,-0.015
2011,53009,45-64,21699.012,21753.282,-54.27,-0.002
2012,53009,45-64,21282.617,21388.317,-105.7,-0.005
2013,53009,45-64,20886.874,21040.742,-153.868,-0.007
2014,53009,45-64,20499.829,20701.534,-201.705,-0.01
2015,53009,45-64,20195.481,20450.899,-255.418,-0.012
2016,53009,45-64,20158.577,20470.847,-312.27,-0.015
2017,53009,45-64,20064.558,20434.841,-370.283,-0.018
2018,53009,45-64,19873.353,20297.558,-424.204,-0.021
2019,53009,45-64,19660.662,20150.885,-490.223,-0.024
2020,53009,45-64,19447.918,20015.168,-567.25,-0.028
2011,53011,45-64,115909.097,115835.181,73.916,0.001
2012,53011,45-64,116363.878,116227.773,136.105,0.001
2013,53011,45-64,117390.902,117192.184,198.717,0.002
2014,53011,45-64,119592.709,119322.927,269.783,0.002
2015,53011,45-64,122315.055,121967.113,347.943,0.003
2016,53011,45-64,126636.322,126180.872,455.45,0.004
2017,53011,45-64,128974.408,128428.945,545.463,0.004
2018,53011,45-64,129981.693,129341.136,640.557,0.005
2019,53011,45-64,130856.777,130119.745,737.031,0.006
2020,53011,45-64,132025.33,131216.158,809.172,0.006
2011,53013,45-64,1320.795,1342.726,-21.931,-0.016
2012,53013,45-64,1277.561,1320.003,-42.442,-0.032
2013,53013,45-64,1225.98,1287.456,-61.475,-0.048
2014,53013,45-64,1181.606,1261.673,-80.067,-0.063
2015,53013,45-64,1160.229,1262.057,-101.827,-0.081
2016,53013,45-64,1151.907,1277.14,-125.233,-0.098
2017,53013,45-64,1139.896,1289.362,-149.465,-0.116
2018,53013,45-64,1115.65,1288.996,-173.346,-0.134
2019,53013,45-64,1076.351,1269.837,-193.486,-0.152
2020,53013,45-64,1035.652,1248.895,-213.243,-0.171
2011,53015,45-64,29291.087,29310.114,-19.026,-0.001
2012,53015,45-64,28986.865,29024.852,-37.987,-0.001
2013,53015,45-64,28777.537,28834.089,-56.551,-0.002
2014,53015,45-64,28791.883,28866.594,-74.712,-0.003
2015,53015,45-64,28910.849,29004.395,-93.545,-0.003
2016,53015,45-64,29211.855,29321.631,-109.775,-0.004
2017,53015,45-64,29308.2,29439.079,-130.879,-0.004
2018,53015,45-64,29290.971,29440.836,-149.866,-0.005
2019,53015,45-64,29266.389,29441.368,-174.978,-0.006
2020,53015,45-64,29247.584,29447.189,-199.605,-0.007
2011,53017,45-64,10043.307,10060.347,-17.039,-0.002
2012,53017,45-64,9992.922,10029.668,-36.746,-0.004
2013,53017,45-64,9992.717,10048.336,-55.619,-0.006
2014,53017,45-64,10050.325,10124.513,-74.188,-0.007
2015,53017,45-64,10112.302,10201.537,-89.235,-0.009
2016,53017,45-64,10307.392,10412.893,-105.501,-0.01
2017,53017,45-64,10394.512,10519.771,-125.26,-0.012
2018,53017,45-64,10387.875,10522.289,-134.414,-0.013
2019,53017,45-64,10397.649,10548.793,-151.144,-0.014
2020,53017,45-64,10433.475,10598.511,-165.036,-0.016
2011,53019,45-64,2574.608,2611.166,-36.558,-0.014
2012,53019,45-64,2493.409,2566.353,-72.944,-0.028
2013,53019,45-64,2381.959,2489.603,-107.643,-0.043
2014,53019,45-64,2292.321,2434.728,-142.406,-0.058
2015,53019,45-64,2227.033,2406.149,-179.116,-0.074
2016,53019,45-64,2110.543,2320.984,-210.44,-0.091
2017,53019,45-64,2043.641,2288.73,-245.089,-0.107
2018,53019,45-64,1961.16,2239.099,-277.94,-0.124
2019,53019,45-64,1892.678,2205.985,-313.307,-0.142
2020,53019,45-64,1835.247,2188.148,-352.901,-0.161
2011,53021,45-64,15344.699,15347.693,-2.994,-0.0
2012,53021,45-64,15671.993,15680.196,-8.204,-0.001
2013,53021,45-64,16124.397,16142.304,-17.907,-0.001
2014,53021,45-64,16651.649,16672.891,-21.242,-0.001
2015,53021,45-64,17091.624,17110.062,-18.438,-0.001
2016,53021,45-64,18160.117,18164.976,-4.859,-0.0
2017,53021,45-64,18697.724,18706.134,-8.41,-0.0
2018,53021,45-64,19154.573,19175.438,-20.866,-0.001
2019,53021,45-64,19584.747,19609.276,-24.529,-0.001
2020,53021,45-64,20040.617,20069.592,-28.975,-0.001
2011,53023,45-64,750.472,747.339,3.133,0.004
2012,53023,45-64,730.964,732.547,-1.583,-0.002
2013,53023,45-64,702.902,717.242,-14.34,-0.02
2014,53023,45-64,685.79,705.062,-19.272,-0.027
2015,53023,45-64,673.147,697.277,-24.129,-0.035
2016,53023,45-64,673.039,701.186,-28.147,-0.04
2017,53023,45-64,649.505,682.756,-33.252,-0.049
2018,53023,45-64,628.293,665.267,-36.975,-0.056
2019,53023,45-64,608.669,649.482,-40.813,-0.063
2020,53023,45-64,584.729,630.543,-45.814,-0.073
2011,53025,45-64,20344.226,20337.121,7.105,0.0
2012,53025,45-64,20336.174,20325.783,10.391,0.001
2013,53025,45-64,20440.884,20426.908,13.976,0.001
2014,53025,45-64,20745.083,20717.877,27.205,0.001
2015,53025,45-64,21081.495,21040.233,41.262,0.002
2016,53025,45-64,21808.885,21748.196,60.69,0.003
2017,53025,45-64,22062.174,21992.764,69.41,0.003
2018,53025,45-64,22309.606,22239.918,69.687,0.003
2019,53025,45-64,22421.884,22353.387,68.498,0.003
2020,53025,45-64,22577.022,22498.052,78.97,0.004
2011,53027,45-64,21709.802,21709.472,0.329,0.0
2012,53027,45-64,21402.433,21401.53,0.903,0.0
2013,53027,45-64,21082.699,21080.499,2.199,0.0
2014,53027,45-64,20916.311,20912.826,3.485,0.0
2015,53027,45-64,20752.464,20747.588,4.875,0.0
2016,53027,45-64,20926.493,20921.973,4.52,0.0
2017,53027,45-64,20771.673,20767.249,4.424,0.0
2018,53027,45-64,20745.963,20740.992,4.971,0.0
2019,53027,45-64,20645.24,20643.877,1.363,0.0
2020,53027,45-64,20561.453,20566.847,-5.394,-0.0
2011,53029,45-64,23099.086,23080.771,18.315,0.001
2012,53029,45-64,22766.8,22729.407,37.394,0.002
2013,53029,45-64,22386.71,22329.0,57.71,0.003
2014,53029,45-64,22097.919,22019.158,78.761,0.004
2015,53029,45-64,22055.556,21954.295,101.261,0.005
2016,53029,45-64,23478.144,23361.939,116.205,0.005
2017,53029,45-64,22919.314,22781.127,138.187,0.006
2018,53029,45-64,22632.601,22474.212,158.389,0.007
2019,53029,45-64,22252.005,22078.145,173.86,0.008
2020,53029,45-64,21715.373,21526.217,189.156,0.009
2011,53031,45-64,10820.623,10818.767,1.857,0.0
2012,53031,45-64,10490.073,10486.926,3.147,0.0
2013,53031,45-64,10180.531,10176.694,3.837,0.0
2014,53031,45-64,10089.522,10082.977,6.545,0.001
2015,53031,45-64,9923.792,9915.446,8.346,0.001
2016,53031,45-64,9720.141,9711.621,8.52,0.001
2017,53031,45-64,9585.824,9573.627,12.198,0.001
2018,53031,45-64,9385.654,9373.948,11.706,0.001
2019,53031,45-64,9216.18,9203.63,12.549,0.001
2020,53031,45-64,9046.251,9032.795,13.456,0.001
2011,53033,45-64,528656.921,526881.975,1774.945,0.003
2012,53033,45-64,534807.768,531273.839,3533.929,0.007
2013,53033,45-64,539246.21,533932.451,5313.759,0.01
2014,53033,45-64,543397.68,536275.55,7122.131,0.013
2015,53033,45-64,549017.125,540076.892,8940.234,0.017
2016,53033,45-64,542982.307,532368.313,10613.994,0.02
2017,53033,45-64,544648.332,532231.506,12416.826,0.023
2018,53033,45-64,545485.316,531288.601,14196.715,0.027
2019,53033,45-64,546263.373,530272.555,15990.818,0.03
2020,53033,45-64,548113.14,530325.151,17787.989,0.034
2011,53035,45-64,75241.719,74925.217,316.502,0.004
2012,53035,45-64,74801.418,74170.261,631.158,0.009
2013,53035,45-64,74542.232,73595.236,946.996,0.013
2014,53035,45-64,74774.985,73503.875,1271.11,0.017
2015,53035,45-64,75105.151,73504.006,1601.146,0.022
2016,53035,45-64,75637.819,73695.507,1942.312,0.026
2017,53035,45-64,75313.124,73058.882,2254.242,0.031
2018,53035,45-64,74672.858,72124.696,2548.162,0.035
2019,53035,45-64,73896.948,71063.747,2833.201,0.04
2020,53035,45-64,72991.655,69884.793,3106.862,0.044
2011,53037,45-64,9797.587,9903.61,-106.023,-0.011
2012,53037,45-64,9557.61,9764.678,-207.068,-0.021
2013,53037,45-64,9416.495,9722.693,-306.198,-0.031
2014,53037,45-64,9283.366,9684.327,-400.961,-0.041
2015,53037,45-64,9562.942,10077.631,-514.689,-0.051
2016,53037,45-64,9954.985,10593.549,-638.564,-0.06
2017,53037,45-64,10046.853,10796.222,-749.369,-0.069
2018,53037,45-64,9982.776,10829.545,-846.77,-0.078
2019,53037,45-64,9918.038,10866.046,-948.008,-0.087
2020,53037,45-64,9982.747,11051.894,-1069.147,-0.097
2011,53039,45-64,6670.022,6637.715,32.308,0.005
2012,53039,45-64,6673.566,6608.048,65.519,0.01
2013,53039,45-64,6599.659,6501.828,97.831,0.015
2014,53039,45-64,6620.647,6487.229,133.418,0.021
2015,53039,45-64,6629.912,6464.388,165.525,0.026
2016,53039,45-64,6639.074,6436.908,202.166,0.031
2017,53039,45-64,6679.391,6447.863,231.528,0.036
2018,53039,45-64,6623.492,6365.258,258.235,0.041
2019,53039,45-64,6611.419,6329.332,282.088,0.045
2020,53039,45-64,6570.894,6269.26,301.634,0.048
2011,53041,45-64,21684.327,21691.398,-7.071,-0.0
2012,53041,45-64,21441.703,21455.105,-13.402,-0.001
2013,53041,45-64,21242.057,21261.512,-19.456,-0.001
2014,53041,45-64,21096.115,21121.928,-25.813,-0.001
2015,53041,45-64,21142.341,21172.524,-30.183,-0.001
2016,53041,45-64,21234.256,21270.928,-36.672,-0.002
2017,53041,45-64,21228.994,21273.097,-44.103,-0.002
2018,53041,45-64,21252.035,21298.765,-46.729,-0.002
2019,53041,45-64,21297.405,21355.917,-58.513,-0.003
2020,53041,45-64,21193.721,21267.291,-73.57,-0.003
2011,53043,45-64,3420.787,3442.877,-22.09,-0.006
2012,53043,45-64,3346.661,3389.866,-43.206,-0.013
2013,53043,45-64,3254.604,3319.081,-64.476,-0.019
2014,53043,45-64,3188.463,3274.674,-86.211,-0.026
2015,53043,45-64,3123.731,3230.96,-107.229,-0.033
2016,53043,45-64,3137.746,3270.323,-132.577,-0.041
2017,53043,45-64,3083.351,3237.61,-154.26,-0.048
2018,53043,45-64,3026.573,3203.309,-176.736,-0.055
2019,53043,45-64,2991.249,3191.213,-199.964,-0.063
2020,53043,45-64,2933.402,3155.739,-222.337,-0.07
2011,53045,45-64,18727.532,18721.058,6.474,0.0
2012,53045,45-64,18430.986,18418.156,12.83,0.001
2013,53045,45-64,18160.272,18140.161,20.112,0.001
2014,53045,45-64,17973.989,17946.309,27.68,0.002
2015,53045,45-64,17836.41,17801.265,35.146,0.002
2016,53045,45-64,17591.219,17550.918,40.301,0.002
2017,53045,45-64,17631.127,17585.507,45.62,0.003
2018,53045,45-64,17543.643,17494.598,49.045,0.003
2019,53045,45-64,17496.174,17443.614,52.56,0.003
2020,53045,45-64,17307.245,17256.095,51.15,0.003
2011,53047,45-64,12558.287,12570.665,-12.378,-0.001
2012,53047,45-64,12322.369,12347.061,-24.692,-0.002
2013,53047,45-64,12109.831,12145.732,-35.901,-0.003
2014,53047,45-64,12013.002,12059.596,-46.594,-0.004
2015,53047,45-64,11894.036,11950.237,-56.2,-0.005
2016,53047,45-64,11955.163,12023.829,-68.666,-0.006
2017,53047,45-64,11974.695,12057.522,-82.827,-0.007
2018,53047,45-64,11935.411,12030.496,-95.084,-0.008
2019,53047,45-64,11793.853,11898.39,-104.537,-0.009
2020,53047,45-64,11768.231,11886.91,-118.679,-0.01
2011,53049,45-64,6855.216,6820.14,35.076,0.005
2012,53049,45-64,6830.68,6759.495,71.185,0.011
2013,53049,45-64,6735.617,6629.577,106.04,0.016
2014,53049,45-64,6760.87,6617.683,143.187,0.022
2015,53049,45-64,6754.076,6575.213,178.863,0.027
2016,53049,45-64,6621.269,6411.136,210.133,0.033
2017,53049,45-64,6543.293,6303.789,239.504,0.038
2018,53049,45-64,6589.056,6310.047,279.009,0.044
2019,53049,45-64,6685.448,6366.581,318.867,0.05
2020,53049,45-64,6706.353,6350.735,355.618,0.056
2011,53051,45-64,4492.354,4496.467,-4.113,-0.001
2012,53051,45-64,4430.048,4438.182,-8.133,-0.002
2013,53051,45-64,4347.914,4359.624,-11.71,-0.003
2014,53051,45-64,4287.117,4302.929,-15.812,-0.004
2015,53051,45-64,4211.207,4232.377,-21.171,-0.005
2016,53051,45-64,4131.62,4155.735,-24.116,-0.006
2017,53051,45-64,4066.729,4097.984,-31.255,-0.008
2018,53051,45-64,4040.343,4075.055,-34.711,-0.009
2019,53051,45-64,4007.959,4047.378,-39.419,-0.01
2020,53051,45-64,3930.397,3975.016,-44.619,-0.011
2011,53053,45-64,214687.43,214190.793,496.637,0.002
2012,53053,45-64,215832.315,214852.174,980.14,0.005
2013,53053,45-64,217582.807,216112.21,1470.597,0.007
2014,53053,45-64,220449.59,218473.873,1975.718,0.009
2015,53053,45-64,223792.521,221315.513,2477.008,0.011
2016,53053,45-64,229260.578,226232.73,3027.848,0.013
2017,53053,45-64,231887.335,228341.122,3546.214,0.016
2018,53053,45-64,232355.327,228327.355,4027.972,0.018
2019,53053,45-64,232677.175,228186.404,4490.772,0.02
2020,53053,45-64,232891.53,227941.869,4949.661,0.022
2011,53055,45-64,5943.376,5965.921,-22.545,-0.004
2012,53055,45-64,5732.227,5776.226,-44.0,-0.008
2013,53055,45-64,5577.224,5641.99,-64.766,-0.011
2014,53055,45-64,5437.864,5522.694,-84.831,-0.015
2015,53055,45-64,5334.186,5441.464,-107.278,-0.02
2016,53055,45-64,5258.137,5390.745,-132.608,-0.025
2017,53055,45-64,5211.554,5369.735,-158.181,-0.029
2018,53055,45-64,5182.265,5366.903,-184.638,-0.034
2019,53055,45-64,5168.846,5383.417,-214.571,-0.04
2020,53055,45-64,5080.778,5321.382,-240.604,-0.045
2011,53057,45-64,32598.364,32733.669,-135.304,-0.004
2012,53057,45-64,32153.183,32420.534,-267.351,-0.008
2013,53057,45-64,31845.096,32240.585,-395.488,-0.012
2014,53057,45-64,31789.985,32313.663,-523.678,-0.016
2015,53057,45-64,31860.663,32515.708,-655.045,-0.02
2016,53057,45-64,32398.243,33197.713,-799.47,-0.024
2017,53057,45-64,32550.205,33486.671,-936.467,-0.028
2018,53057,45-64,32654.567,33726.643,-1072.076,-0.032
2019,53057,45-64,32785.497,34002.748,-1217.251,-0.036
2020,53057,45-64,32471.598,33811.47,-1339.872,-0.04
2011,53059,45-64,3804.917,3819.256,-14.339,-0.004
2012,53059,45-64,3779.873,3808.634,-28.761,-0.008
2013,53059,45-64,3726.606,3769.021,-42.415,-0.011
2014,53059,45-64,3698.973,3756.326,-57.353,-0.015
2015,53059,45-64,3682.73,3754.711,-71.982,-0.019
2016,53059,45-64,3635.587,3721.843,-86.256,-0.023
2017,53059,45-64,3637.473,3739.262,-101.789,-0.027
2018,53059,45-64,3626.883,3743.015,-116.132,-0.031
2019,53059,45-64,3588.97,3721.171,-132.201,-0.036
2020,53059,45-64,3558.352,3708.7,-150.348,-0.041
2011,53061,45-64,202872.692,203022.99,-150.299,-0.001
2012,53061,45-64,204534.577,204837.389,-302.812,-0.001
2013,53061,45-64,206670.35,207131.597,-461.247,-0.002
2014,53061,45-64,209984.97,210608.875,-623.906,-0.003
2015,53061,45-64,214041.369,214841.641,-800.272,-0.004
2016,53061,45-64,219713.645,220662.348,-948.704,-0.004
2017,53061,45-64,222610.685,223743.252,-1132.567,-0.005
2018,53061,45-64,223641.595,224911.558,-1269.962,-0.006
2019,53061,45-64,224097.867,225473.826,-1375.96,-0.006
2020,53061,45-64,224730.33,226200.962,-1470.632,-0.007
2011,53063,45-64,128590.219,128086.401,503.818,0.004
2012,53063,45-64,128505.92,127503.495,1002.425,0.008
2013,53063,45-64,128896.985,127392.178,1504.807,0.012
2014,53063,45-64,129956.31,127937.909,2018.401,0.016
2015,53063,45-64,131105.154,128570.48,2534.674,0.02
2016,53063,45-64,133040.792,129987.238,3053.555,0.023
2017,53063,45-64,134013.782,130451.875,3561.907,0.027
2018,53063,45-64,134125.06,130061.411,4063.649,0.031
2019,53063,45-64,133787.949,129257.402,4530.547,0.035
2020,53063,45-64,133602.84,128604.702,4998.138,0.039
2011,53065,45-64,14269.016,14246.347,22.669,0.002
2012,53065,45-64,14014.764,13970.273,44.491,0.003
2013,53065,45-64,13828.607,13762.422,66.185,0.005
2014,53065,45-64,13683.87,13596.109,87.761,0.006
2015,53065,45-64,13552.014,13441.765,110.249,0.008
2016,53065,45-64,13361.127,13226.947,134.181,0.01
2017,53065,45-64,13299.297,13142.56,156.737,0.012
2018,53065,45-64,13192.869,13013.8,179.069,0.014
2019,53065,45-64,13066.991,12866.785,200.206,0.016
2020,53065,45-64,12861.656,12642.363,219.293,0.017
2011,53067,45-64,71907.469,72076.901,-169.432,-0.002
2012,53067,45-64,71608.399,71945.517,-337.119,-0.005
2013,53067,45-64,71596.011,72094.344,-498.333,-0.007
2014,53067,45-64,72112.086,72769.077,-656.991,-0.009
2015,53067,45-64,72701.803,73525.902,-824.099,-0.011
2016,53067,45-64,74160.318,75158.987,-998.669,-0.013
2017,53067,45-64,74684.577,75857.079,-1172.502,-0.015
2018,53067,45-64,74729.259,76070.417,-1341.158,-0.018
2019,53067,45-64,74519.64,76023.876,-1504.237,-0.02
2020,53067,45-64,74607.396,76283.557,-1676.161,-0.022
2011,53069,45-64,1354.047,1354.685,-0.639,-0.0
2012,53069,45-64,1328.062,1329.217,-1.155,-0.001
2013,53069,45-64,1285.944,1287.191,-1.247,-0.001
2014,53069,45-64,1248.14,1249.152,-1.013,-0.001
2015,53069,45-64,1210.919,1212.525,-1.606,-0.001
2016,53069,45-64,1197.29,1200.51,-3.22,-0.003
2017,53069,45-64,1181.908,1186.79,-4.882,-0.004
2018,53069,45-64,1180.309,1183.818,-3.509,-0.003
2019,53069,45-64,1181.946,1187.182,-5.236,-0.004
2020,53069,45-64,1157.554,1163.741,-6.187,-0.005
2011,53071,45-64,15027.042,15023.157,3.884,0.0
2012,53071,45-64,14960.596,14956.678,3.918,0.0
2013,53071,45-64,14957.513,14949.512,8.001,0.001
2014,53071,45-64,15117.104,15101.746,15.358,0.001
2015,53071,45-64,15231.949,15211.813,20.136,0.001
2016,53071,45-64,15292.342,15266.839,25.503,0.002
2017,53071,45-64,15387.503,15360.378,27.125,0.002
2018,53071,45-64,15273.591,15240.664,32.927,0.002
2019,53071,45-64,15118.733,15084.115,34.618,0.002
2020,53071,45-64,14930.066,14893.058,37.008,0.002
2011,53073,45-64,53441.422,53713.832,-272.41,-0.005
2012,53073,45-64,52855.496,53395.512,-540.016,-0.01
2013,53073,45-64,52760.959,53570.41,-809.451,-0.015
2014,53073,45-64,52776.393,53855.282,-1078.888,-0.02
2015,53073,45-64,53014.042,54363.459,-1349.416,-0.025
2016,53073,45-64,53897.89,55534.702,-1636.813,-0.029
2017,53073,45-64,54321.713,56241.275,-1919.562,-0.034
2018,53073,45-64,54359.642,56549.007,-2189.365,-0.039
2019,53073,45-64,54534.809,56991.238,-2456.428,-0.043
2020,53073,45-64,54202.908,56899.768,-2696.86,-0.047
2011,53075,45-64,7328.25,7344.717,-16.467,-0.002
2012,53075,45-64,7215.83,7247.795,-31.965,-0.004
2013,53075,45-64,7092.433,7139.941,-47.508,-0.007
2014,53075,45-64,7040.544,7103.389,-62.846,-0.009
2015,53075,45-64,7176.013,7256.001,-79.989,-0.011
2016,53075,45-64,7463.584,7566.136,-102.552,-0.014
2017,53075,45-64,7415.052,7536.076,-121.023,-0.016
2018,53075,45-64,7256.293,7395.941,-139.648,-0.019
2019,53075,45-64,7148.42,7307.648,-159.228,-0.022
2020,53075,45-64,6919.415,7095.191,-175.776,-0.025
2011,53077,45-64,55988.848,55935.902,52.946,0.001
2012,53077,45-64,55876.714,55772.189,104.525,0.002
2013,53077,45-64,55920.507,55760.523,159.984,0.003
2014,53077,45-64,56381.301,56159.029,222.272,0.004
2015,53077,45-64,56839.928,56551.002,288.926,0.005
2016,53077,45-64,58340.814,57968.753,372.061,0.006
2017,53077,45-64,58991.595,58558.507,433.088,0.007
2018,53077,45-64,59027.339,58548.74,478.599,0.008
2019,53077,45-64,58986.699,58470.703,515.996,0.009
2020,53077,45-64,59170.29,58618.457,551.833,0.009
2011,53001,65+,1904.467,1870.397,34.07,0.018
2012,53001,65+,1934.45,1866.455,67.995,0.036
2013,53001,65+,1957.479,1856.327,101.151,0.054
2014,53001,65+,1992.305,1858.421,133.885,0.072
2015,53001,65+,1932.879,1772.247,160.632,0.091
2016,53001,65+,1947.723,1756.515,191.207,0.109
2017,53001,65+,2052.672,1824.836,227.836,0.125
2018,53001,65+,2150.742,1884.194,266.548,0.141
2019,53001,65+,2247.344,1938.191,309.152,0.16
2020,53001,65+,2342.999,1997.139,345.86,0.173
2011,53003,65+,4210.083,4274.515,-64.432,-0.015
2012,53003,65+,4408.359,4541.252,-132.893,-0.029
2013,53003,65+,4510.235,4708.618,-198.382,-0.042
2014,53003,65+,4643.877,4908.907,-265.03,-0.054
2015,53003,65+,4714.148,5039.296,-325.148,-0.065
2016,53003,65+,4913.709,5303.735,-390.026,-0.074
2017,53003,65+,5073.593,5533.455,-459.862,-0.083
2018,53003,65+,5241.295,5769.286,-527.991,-0.092
2019,53003,65+,5369.6,5960.523,-590.923,-0.099
2020,53003,65+,5535.663,6195.802,-660.139,-0.107
2011,53005,65+,21221.775,21253.514,-31.739,-0.001
2012,53005,65+,22331.962,22400.157,-68.195,-0.003
2013,53005,65+,23661.816,23768.296,-106.48,-0.004
2014,53005,65+,24994.144,25137.326,-143.182,-0.006
2015,53005,65+,26140.02,26318.943,-178.923,-0.007
2016,53005,65+,27389.757,27579.148,-189.392,-0.007
2017,53005,65+,28809.537,29034.739,-225.202,-0.008
2018,53005,65+,30370.847,30624.432,-253.585,-0.008
2019,53005,65+,32021.25,32311.889,-290.638,-0.009
2020,53005,65+,33672.778,33998.982,-326.204,-0.01
2011,53007,65+,11366.691,11507.857,-141.166,-0.012
2012,53007,65+,11746.186,12023.615,-277.428,-0.023
2013,53007,65+,12089.749,12499.272,-409.523,-0.033
2014,53007,65+,12587.197,13128.655,-541.458,-0.041
2015,53007,65+,13068.124,13742.071,-673.946,-0.049
2016,53007,65+,13898.265,14715.996,-817.731,-0.056
2017,53007,65+,14587.282,15557.861,-970.579,-0.062
2018,53007,65+,15319.009,16449.47,-1130.461,-0.069
2019,53007,65+,15892.078,17173.212,-1281.134,-0.075
2020,53007,65+,16813.375,18279.211,-1465.836,-0.08
2011,53009,65+,17776.022,17608.948,167.075,0.009
2012,53009,65+,18584.746,18252.859,331.887,0.018
2013,53009,65+,19410.252,18914.663,495.589,0.026
2014,53009,65+,20101.862,19447.146,654.716,0.034
2015,53009,65+,20740.676,19929.151,811.525,0.041
2016,53009,65+,21717.433,20715.607,1001.826,0.048
2017,53009,65+,22666.848,21492.302,1174.545,0.055
2018,53009,65+,23654.291,22300.697,1353.595,0.061
2019,53009,65+,24593.85,23056.166,1537.685,0.067
2020,53009,65+,25554.547,23832.629,1721.918,0.072
2011,53011,65+,50092.004,50453.703,-361.699,-0.007
2012,53011,65+,52685.777,53407.214,-721.437,-0.014
2013,53011,65+,55449.493,56522.893,-1073.4,-0.019
2014,53011,65+,58912.701,60348.134,-1435.433,-0.024
2015,53011,65+,62695.996,64502.743,-1806.747,-0.028
2016,53011,65+,67546.346,69694.916,-2148.57,-0.031
2017,53011,65+,71916.497,74441.189,-2524.692,-0.034
2018,53011,65+,76115.628,79021.098,-2905.47,-0.037
2019,53011,65+,80346.473,83636.001,-3289.528,-0.039
2020,53011,65+,85251.3,88967.887,-3716.587,-0.042
2011,53013,65+,948.428,962.356,-13.928,-0.014
2012,53013,65+,970.25,998.303,-28.053,-0.028
2013,53013,65+,1003.44,1044.907,-41.467,-0.04
2014,53013,65+,1019.7,1074.202,-54.502,-0.051
2015,53013,65+,1035.947,1101.446,-65.499,-0.059
2016,53013,65+,1071.497,1150.028,-78.53,-0.068
2017,53013,65+,1111.305,1205.949,-94.643,-0.078
2018,53013,65+,1156.217,1266.398,-110.181,-0.087
2019,53013,65+,1183.354,1307.622,-124.268,-0.095
2020,53013,65+,1212.931,1352.93,-139.999,-0.103
2011,53015,65+,16131.744,16210.656,-78.912,-0.005
2012,53015,65+,16726.668,16888.06,-161.392,-0.01
2013,53015,65+,17277.987,17520.364,-242.377,-0.014
2014,53015,65+,17846.053,18166.874,-320.821,-0.018
2015,53015,65+,18457.41,18856.933,-399.523,-0.021
2016,53015,65+,19128.939,19587.79,-458.851,-0.023
2017,53015,65+,19936.704,20470.876,-534.172,-0.026
2018,53015,65+,20939.126,21554.281,-615.155,-0.029
2019,53015,65+,22088.848,22790.626,-701.778,-0.031
2020,53015,65+,23189.255,23977.884,-788.629,-0.033
2011,53017,65+,5521.097,5527.915,-6.818,-0.001
2012,53017,65+,5716.963,5731.368,-14.405,-0.003
2013,53017,65+,5955.777,5977.871,-22.094,-0.004
2014,53017,65+,6179.897,6209.498,-29.601,-0.005
2015,53017,65+,6409.317,6447.624,-38.306,-0.006
2016,53017,65+,6726.123,6767.273,-41.15,-0.006
2017,53017,65+,7057.22,7106.528,-49.308,-0.007
2018,53017,65+,7398.102,7454.788,-56.686,-0.008
2019,53017,65+,7712.368,7774.99,-62.621,-0.008
2020,53017,65+,8093.845,8173.333,-79.488,-0.01
2011,53019,65+,1488.321,1488.439,-0.118,-0.0
2012,53019,65+,1586.834,1585.421,1.413,0.001
2013,53019,65+,1681.926,1679.908,2.019,0.001
2014,53019,65+,1778.608,1777.401,1.207,0.001
2015,53019,65+,1878.231,1875.722,2.509,0.001
2016,53019,65+,1988.812,1988.756,0.056,0.0
2017,53019,65+,2073.962,2076.008,-2.046,-0.001
2018,53019,65+,2164.736,2172.909,-8.173,-0.004
2019,53019,65+,2245.061,2256.886,-11.825,-0.005
2020,53019,65+,2340.795,2356.909,-16.114,-0.007
2011,53021,65+,5944.552,5958.263,-13.711,-0.002
2012,53021,65+,6271.009,6304.89,-33.881,-0.005
2013,53021,65+,6654.125,6711.497,-57.373,-0.009
2014,53021,65+,7045.705,7123.884,-78.179,-0.011
2015,53021,65+,7405.596,7495.687,-90.091,-0.012
2016,53021,65+,7873.951,7971.324,-97.373,-0.012
2017,53021,65+,8312.104,8430.204,-118.1,-0.014
2018,53021,65+,8780.786,8931.566,-150.781,-0.017
2019,53021,65+,9240.017,9419.007,-178.989,-0.019
2020,53021,65+,9743.339,9944.43,-201.091,-0.02
2011,53023,65+,511.432,517.738,-6.306,-0.012
2012,53023,65+,519.769,531.123,-11.354,-0.021
2013,53023,65+,534.611,551.161,-16.55,-0.03
2014,53023,65+,547.782,569.646,-21.864,-0.038
2015,53023,65+,566.757,594.628,-27.871,-0.047
2016,53023,65+,588.69,621.225,-32.535,-0.052
2017,53023,65+,608.039,647.117,-39.078,-0.06
2018,53023,65+,615.862,660.913,-45.051,-0.068
2019,53023,65+,630.824,681.206,-50.382,-0.074
2020,53023,65+,644.961,702.999,-58.038,-0.083
2011,53025,65+,10731.763,10748.936,-17.173,-0.002
2012,53025,65+,11101.853,11141.237,-39.385,-0.004
2013,53025,65+,11455.609,11520.714,-65.105,-0.006
2014,53025,65+,11864.116,11948.776,-84.66,-0.007
2015,53025,65+,12288.334,12390.28,-101.945,-0.008
2016,53025,65+,12592.375,12699.658,-107.284,-0.008
2017,53025,65+,13058.104,13179.907,-121.803,-0.009
2018,53025,65+,13618.669,13745.106,-126.437,-0.009
2019,53025,65+,14155.93,14291.943,-136.013,-0.01
2020,53025,65+,14761.93,14911.776,-149.846,-0.01
2011,53027,65+,12279.85,12161.465,118.384,0.01
2012,53027,65+,12925.776,12690.535,235.242,0.019
2013,53027,65+,13475.495,13125.512,349.982,0.027
2014,53027,65+,14061.12,13597.004,464.116,0.034
2015,53027,65+,14578.749,14001.377,577.372,0.041
2016,53027,65+,15218.634,14510.567,708.067,0.049
2017,53027,65+,15806.42,14980.303,826.116,0.055
2018,53027,65+,16493.414,15539.342,954.072,0.061
2019,53027,65+,17175.06,16094.053,1081.007,0.067
2020,53027,65+,17893.303,16681.792,1211.511,0.073
2011,53029,65+,14858.32,14960.954,-102.633,-0.007
2012,53029,65+,15596.269,15799.778,-203.509,-0.013
2013,53029,65+,16244.117,16546.352,-302.234,-0.018
2014,53029,65+,16858.974,17258.453,-399.479,-0.023
2015,53029,65+,17584.12,18082.012,-497.892,-0.028
2016,53029,65+,19880.386,20510.579,-630.193,-0.031
2017,53029,65+,20728.26,21457.152,-728.892,-0.034
2018,53029,65+,21861.215,22704.49,-843.275,-0.037
2019,53029,65+,22919.71,23876.188,-956.478,-0.04
2020,53029,65+,23923.888,24994.181,-1070.293,-0.043
2011,53031,65+,8300.242,8242.168,58.074,0.007
2012,53031,65+,8860.078,8743.774,116.305,0.013
2013,53031,65+,9397.622,9224.928,172.695,0.019
2014,53031,65+,10014.345,9781.192,233.152,0.024
2015,53031,65+,10535.376,10242.107,293.269,0.029
2016,53031,65+,11149.548,10792.222,357.325,0.033
2017,53031,65+,11680.195,11262.683,417.512,0.037
2018,53031,65+,12189.321,11714.446,474.875,0.041
2019,53031,65+,12705.827,12171.611,534.216,0.044
2020,53031,65+,13206.892,12615.596,591.296,0.047
2011,53033,65+,219644.583,216617.422,3027.161,0.014
2012,53033,65+,233863.167,227786.854,6076.313,0.027
2013,53033,65+,246933.596,237776.491,9157.105,0.039
2014,53033,65+,258178.029,245934.253,12243.777,0.05
2015,53033,65+,269478.945,254149.896,15329.05,0.06
2016,53033,65+,270616.975,252469.262,18147.713,0.072
2017,53033,65+,279690.26,258486.28,21203.98,0.082
2018,53033,65+,290704.584,266294.829,24409.756,0.092
2019,53033,65+,301686.713,274075.33,27611.383,0.101
2020,53033,65+,313359.19,282461.552,30897.638,0.109
2011,53035,65+,34677.447,35428.497,-751.051,-0.021
2012,53035,65+,36248.423,37724.48,-1476.057,-0.039
2013,53035,65+,38267.05,40473.827,-2206.776,-0.055
2014,53035,65+,40050.299,42963.486,-2913.186,-0.068
2015,53035,65+,42012.586,45638.241,-3625.655,-0.079
2016,53035,65+,46733.619,51325.584,-4591.964,-0.089
2017,53035,65+,48384.017,53676.362,-5292.345,-0.099
2018,53035,65+,50693.472,56774.346,-6080.873,-0.107
2019,53035,65+,53126.62,60046.157,-6919.536,-0.115
2020,53035,65+,55165.294,62868.915,-7703.621,-0.123
2011,53037,65+,5281.04,5363.434,-82.394,-0.015
2012,53037,65+,5467.664,5628.113,-160.449,-0.029
2013,53037,65+,5670.13,5906.012,-235.882,-0.04
2014,53037,65+,5850.294,6157.653,-307.358,-0.05
2015,53037,65+,6264.31,6653.12,-388.81,-0.058
2016,53037,65+,6853.483,7331.648,-478.165,-0.065
2017,53037,65+,7242.729,7807.968,-565.239,-0.072
2018,53037,65+,7643.627,8302.474,-658.847,-0.079
2019,53037,65+,8038.059,8789.701,-751.643,-0.086
2020,53037,65+,8573.862,9434.04,-860.178,-0.091
2011,53039,65+,3755.776,3807.481,-51.705,-0.014
2012,53039,65+,3938.019,4034.885,-96.866,-0.024
2013,53039,65+,4142.423,4287.355,-144.932,-0.034
2014,53039,65+,4351.262,4540.137,-188.875,-0.042
2015,53039,65+,4557.244,4790.46,-233.217,-0.049
2016,53039,65+,4851.766,5145.849,-294.083,-0.057
2017,53039,65+,5079.446,5429.463,-350.017,-0.064
2018,53039,65+,5293.752,5703.577,-409.825,-0.072
2019,53039,65+,5520.95,5990.457,-469.508,-0.078
2020,53039,65+,5734.645,6263.452,-528.807,-0.084
2011,53041,65+,13516.506,13409.098,107.407,0.008
2012,53041,65+,14123.01,13909.784,213.226,0.015
2013,53041,65+,14621.668,14306.199,315.469,0.022
2014,53041,65+,15138.513,14722.295,416.218,0.028
2015,53041,65+,15680.043,15161.344,518.699,0.034
2016,53041,65+,16147.286,15518.751,628.535,0.041
2017,53041,65+,16740.701,16003.793,736.908,0.046
2018,53041,65+,17534.257,16674.892,859.365,0.052
2019,53041,65+,18385.802,17401.197,984.605,0.057
2020,53041,65+,19128.318,18028.118,1100.2,0.061
2011,53043,65+,2252.621,2248.516,4.104,0.002
2012,53043,65+,2351.735,2343.438,8.297,0.004
2013,53043,65+,2452.669,2438.957,13.712,0.006
2014,53043,65+,2538.696,2520.455,18.241,0.007
2015,53043,65+,2640.103,2618.526,21.578,0.008
2016,53043,65+,2697.585,2670.618,26.967,0.01
2017,53043,65+,2789.752,2756.435,33.317,0.012
2018,53043,65+,2888.0,2845.867,42.132,0.015
2019,53043,65+,2972.456,2938.351,34.105,0.012
2020,53043,65+,3083.735,3040.651,43.084,0.014
2011,53045,65+,11569.591,11512.795,56.796,0.005
2012,53045,65+,12162.29,12049.772,112.518,0.009
2013,53045,65+,12765.429,12598.695,166.734,0.013
2014,53045,65+,13287.775,13068.801,218.974,0.017
2015,53045,65+,13794.996,13524.787,270.208,0.02
2016,53045,65+,14326.677,13999.219,327.458,0.023
2017,53045,65+,14979.732,14593.401,386.331,0.026
2018,53045,65+,15615.522,15167.923,447.599,0.03
2019,53045,65+,16298.701,15781.099,517.601,0.033
2020,53045,65+,16917.299,16335.628,581.671,0.036
2011,53047,65+,7221.135,7296.319,-75.184,-0.01
2012,53047,65+,7533.902,7684.015,-150.113,-0.02
2013,53047,65+,7811.537,8034.664,-223.127,-0.028
2014,53047,65+,8107.031,8405.81,-298.779,-0.036
2015,53047,65+,8395.88,8770.404,-374.525,-0.043
2016,53047,65+,8671.511,9112.745,-441.235,-0.048
2017,53047,65+,9058.243,9575.016,-516.773,-0.054
2018,53047,65+,9435.469,10033.489,-598.021,-0.06
2019,53047,65+,9779.702,10457.935,-678.233,-0.065
2020,53047,65+,10218.416,10988.149,-769.733,-0.07
2011,53049,65+,5361.247,5303.507,57.74,0.011
2012,53049,65+,5618.673,5501.548,117.124,0.021
2013,53049,65+,5876.197,5701.686,174.511,0.031
2014,53049,65+,6122.731,5887.448,235.284,0.04
2015,53049,65+,6389.887,6093.195,296.692,0.049
2016,53049,65+,6612.212,6257.634,354.578,0.057
2017,53049,65+,6865.48,6456.671,408.809,0.063
2018,53049,65+,7125.293,6656.841,468.452,0.07
2019,53049,65+,7411.806,6875.294,536.511,0.078
2020,53049,65+,7729.277,7125.412,603.865,0.085
2011,53051,65+,2588.894,2589.573,-0.68,-0.0
2012,53051,65+,2755.246,2757.154,-1.909,-0.001
2013,53051,65+,2893.413,2896.06,-2.647,-0.001
2014,53051,65+,3053.44,3057.405,-3.965,-0.001
2015,53051,65+,3186.914,3194.405,-7.492,-0.002
2016,53051,65+,3344.504,3354.034,-9.53,-0.003
2017,53051,65+,3480.631,3492.286,-11.655,-0.003
2018,53051,65+,3620.346,3634.054,-13.708,-0.004
2019,53051,65+,3784.463,3798.347,-13.884,-0.004
2020,53051,65+,3939.677,3949.282,-9.605,-0.002
2011,53053,65+,90233.366,90335.952,-102.586,-0.001
2012,53053,65+,94527.473,94753.46,-225.987,-0.002
2013,53053,65+,99081.884,99436.938,-355.054,-0.004
2014,53053,65+,103607.616,104095.862,-488.246,-0.005
2015,53053,65+,108323.851,108950.27,-626.419,-0.006
2016,53053,65+,114424.256,115073.248,-648.992,-0.006
2017,53053,65+,120189.721,120927.354,-737.633,-0.006
2018,53053,65+,125938.177,126752.468,-814.291,-0.006
2019,53053,65+,132130.994,133030.593,-899.599,-0.007
2020,53053,65+,138458.707,139464.089,-1005.382,-0.007
2011,53055,65+,3941.658,3903.521,38.136,0.01
2012,53055,65+,4245.491,4169.292,76.198,0.018
2013,53055,65+,4529.147,4414.69,114.457,0.026
2014,53055,65+,4814.378,4661.091,153.287,0.033
2015,53055,65+,5065.733,4874.428,191.305,0.039
2016,53055,65+,5339.041,5105.054,233.987,0.046
2017,53055,65+,5570.633,5297.44,273.193,0.052
2018,53055,65+,5823.411,5514.292,309.119,0.056
2019,53055,65+,6063.954,5717.006,346.949,0.061
2020,53055,65+,6301.496,5918.511,382.985,0.065
2011,53057,65+,19396.934,19356.28,40.654,0.002
2012,53057,65+,20180.847,20104.33,76.516,0.004
2013,53057,65+,21007.726,20892.387,115.339,0.006
2014,53057,65+,21903.324,21749.579,153.745,0.007
2015,53057,65+,22917.863,22727.968,189.895,0.008
2016,53057,65+,24322.395,24071.942,250.453,0.01
2017,53057,65+,25621.961,25325.397,296.564,0.012
2018,53057,65+,27244.066,26892.465,351.601,0.013
2019,53057,65+,28966.052,28562.191,403.862,0.014
2020,53057,65+,30194.17,29737.88,456.29,0.015
2011,53059,65+,1664.778,1683.375,-18.597,-0.011
2012,53059,65+,1757.483,1795.201,-37.718,-0.021
2013,53059,65+,1853.155,1909.148,-55.993,-0.029
2014,53059,65+,1957.709,2032.611,-74.902,-0.037
2015,53059,65+,2063.779,2157.103,-93.324,-0.043
2016,53059,65+,2243.42,2357.601,-114.181,-0.048
2017,53059,65+,2357.68,2491.119,-133.44,-0.054
2018,53059,65+,2481.733,2634.702,-152.969,-0.058
2019,53059,65+,2602.37,2773.892,-171.523,-0.062
2020,53059,65+,2718.846,2908.963,-190.117,-0.065
2011,53061,65+,75124.133,75673.924,-549.79,-0.007
2012,53061,65+,78940.545,80040.67,-1100.125,-0.014
2013,53061,65+,83099.149,84749.807,-1650.658,-0.019
2014,53061,65+,87600.604,89807.026,-2206.422,-0.025
2015,53061,65+,92968.288,95760.072,-2791.784,-0.029
2016,53061,65+,99858.957,103170.198,-3311.24,-0.032
2017,53061,65+,105652.499,109543.391,-3890.892,-0.036
2018,53061,65+,111731.633,116225.671,-4494.038,-0.039
2019,53061,65+,117696.8,122789.542,-5092.742,-0.041
2020,53061,65+,123923.289,129586.473,-5663.184,-0.044
2011,53063,65+,62261.496,62137.407,124.089,0.002
2012,53063,65+,65055.438,64818.208,237.23,0.004
2013,53063,65+,68107.154,67763.898,343.256,0.005
2014,53063,65+,71303.132,70851.951,451.182,0.006
2015,53063,65+,74354.801,73793.273,561.529,0.008
2016,53063,65+,77856.835,77104.589,752.246,0.01
2017,53063,65+,81901.618,81015.85,885.768,0.011
2018,53063,65+,86192.049,85166.325,1025.724,0.012
2019,53063,65+,90339.923,89162.326,1177.597,0.013
2020,53063,65+,94795.793,93457.774,1338.019,0.014
2011,53065,65+,7759.72,7772.191,-12.471,-0.002
2012,53065,65+,8194.877,8219.67,-24.793,-0.003
2013,53065,65+,8606.14,8643.636,-37.496,-0.004
2014,53065,65+,9007.891,9057.264,-49.373,-0.005
2015,53065,65+,9389.857,9450.731,-60.874,-0.006
2016,53065,65+,9818.641,9885.141,-66.5,-0.007
2017,53065,65+,10289.599,10374.426,-84.828,-0.008
2018,53065,65+,10807.73,10903.137,-95.407,-0.009
2019,53065,65+,11351.52,11460.516,-108.996,-0.01
2020,53065,65+,11847.143,11967.358,-120.215,-0.01
2011,53067,65+,34008.52,33846.32,162.2,0.005
2012,53067,65+,36158.851,35841.034,317.818,0.009
2013,53067,65+,38473.021,38000.936,472.086,0.012
2014,53067,65+,40942.167,40311.648,630.519,0.016
2015,53067,65+,43233.645,42445.703,787.942,0.019
2016,53067,65+,46344.302,45340.502,1003.8,0.022
2017,53067,65+,48843.21,47655.575,1187.635,0.025
2018,53067,65+,51459.979,50095.662,1364.317,0.027
2019,53067,65+,53910.803,52377.71,1533.092,0.029
2020,53067,65+,56738.538,55024.307,1714.231,0.031
2011,53069,65+,1056.44,1058.352,-1.912,-0.002
2012,53069,65+,1120.313,1123.645,-3.331,-0.003
2013,53069,65+,1166.917,1172.815,-5.898,-0.005
2014,53069,65+,1209.917,1219.026,-9.109,-0.007
2015,53069,65+,1244.424,1253.842,-9.417,-0.008
2016,53069,65+,1286.099,1300.534,-14.435,-0.011
2017,53069,65+,1344.053,1361.748,-17.695,-0.013
2018,53069,65+,1407.341,1428.963,-21.622,-0.015
2019,53069,65+,1484.902,1506.692,-21.791,-0.014
2020,53069,65+,1533.874,1558.973,-25.099,-0.016
2011,53071,65+,8907.387,8957.108,-49.721,-0.006
2012,53071,65+,9181.413,9279.557,-98.144,-0.011
2013,53071,65+,9552.04,9700.371,-148.331,-0.015
2014,53071,65+,10089.63,10290.712,-201.081,-0.02
2015,53071,65+,10503.122,10753.167,-250.045,-0.023
2016,53071,65+,10637.696,10919.787,-282.091,-0.026
2017,53071,65+,11217.353,11561.258,-343.904,-0.03
2018,53071,65+,11627.914,12019.885,-391.971,-0.033
2019,53071,65+,12099.098,12547.637,-448.539,-0.036
2020,53071,65+,12560.283,13065.916,-505.633,-0.039
2011,53073,65+,27367.862,27440.01,-72.148,-0.003
2012,53073,65+,28806.645,28957.122,-150.477,-0.005
2013,53073,65+,30410.505,30639.579,-229.073,-0.007
2014,53073,65+,31938.412,32240.822,-302.411,-0.009
2015,53073,65+,33562.098,33940.776,-378.678,-0.011
2016,53073,65+,35690.809,36110.653,-419.844,-0.012
2017,53073,65+,37762.798,38246.933,-484.135,-0.013
2018,53073,65+,40038.624,40594.521,-555.898,-0.014
2019,53073,65+,42533.123,43170.943,-637.82,-0.015
2020,53073,65+,44553.796,45271.889,-718.093,-0.016
2011,53075,65+,4035.169,3996.479,38.689,0.01
2012,53075,65+,4162.07,4085.13,76.94,0.019
2013,53075,65+,4287.431,4173.964,113.466,0.027
2014,53075,65+,4432.176,4281.822,150.355,0.035
2015,53075,65+,4673.193,4480.889,192.305,0.043
2016,53075,65+,5011.785,4769.977,241.808,0.051
2017,53075,65+,5191.899,4907.116,284.783,0.058
2018,53075,65+,5333.462,5006.63,326.831,0.065
2019,53075,65+,5549.46,5174.215,375.245,0.073
2020,53075,65+,5636.944,5217.854,419.09,0.08
2011,53077,65+,28913.462,28928.531,-15.069,-0.001
2012,53077,65+,30079.954,30115.44,-35.485,-0.001
2013,53077,65+,31329.079,31404.461,-75.382,-0.002
2014,53077,65+,32541.996,32642.182,-100.187,-0.003
2015,53077,65+,33946.337,34077.036,-130.699,-0.004
2016,53077,65+,34470.932,34578.958,-108.026,-0.003
2017,53077,65+,35533.662,35651.317,-117.655,-0.003
2018,53077,65+,36458.518,36589.391,-130.874,-0.004
2019,53077,65+,37462.621,37595.643,-133.022,-0.004
2020,53077,65+,38616.64,38779.237,-162.597,-0.004
