COUNTY_NAME,RACE,Franken,Ofm,n,totalDiff,totalDifPct,tractsHighlyVariable,tractsHighlyVariablePct,personsHighlyVariable,personsHighlyVariablePct
Adams,all,20613.0,18457.955708611,7,-2155.044291389,-0.10454782377087275,3,0.42857142857142855,10329.0,0.5010915441711541
Asotin,all,22285.0,21374.944660893,9,-910.0553391069989,-0.040837125380614715,0,0.0,0.0,0.0
Benton,all,206873.0,197531.865560919,494,-9341.134439081012,-0.04515395648093764,11,0.022267206477732792,38294.0,0.1851087382113664
Chelan,all,79074.0,75518.358970574,11,-3555.6410294259986,-0.044965994251283586,3,0.2727272727272727,8191.0,0.10358651389837367
Clallam,all,77155.0,71485.259265111,15,-5669.740734888997,-0.07348507206129216,6,0.4,18734.0,0.24280992806687837
Clark,all,503311.0,484979.187132221,6,-18331.812867778994,-0.03642243636196903,12,2.0,45723.0,0.09084442819648289
Columbia,all,3952.0,3465.393805869,3,-486.60619413099994,-0.12312909770521253,1,0.3333333333333333,3952.0,1.0
Cowlitz,all,110730.0,106718.736433296,59,-4011.2635667040013,-0.03622562599750746,3,0.05084745762711865,7379.0,0.06663957373792107
Douglas,all,42938.0,41153.721441139,5,-1784.2785588609986,-0.04155476638085143,1,0.2,2452.0,0.05710559411244119
Ferry,all,7178.0,6381.052773161,61,-796.947226839,-0.11102636205614377,1,0.01639344262295082,1713.0,0.23864586235720256
Franklin,all,96749.0,89882.375134021,45,-6866.624865979,-0.0709736004090895,5,0.1111111111111111,21334.0,0.22050873910841456
Garfield,all,2286.0,1787.410081729,21,-498.589918271,-0.2181058260153106,1,0.047619047619047616,2286.0,1.0
Grant,all,99123.0,93313.809919453,13,-5809.190080547007,-0.05860587432328528,11,0.8461538461538461,41156.0,0.4152013155372618
Grays Harbor,all,75636.0,65743.142904342,193,-9892.857095657993,-0.13079561446477858,13,0.06735751295336788,47163.0,0.623552276693638
Island,all,86857.0,82973.164666034,1,-3883.8353339659952,-0.044715282981981824,1,1.0,6853.0,0.07889980082204083
Jefferson,all,32977.0,29256.71658403,23,-3720.2834159699996,-0.11281448937047031,7,0.30434782608695654,23489.0,0.7122843193741092
King,all,2269675.0,2201718.606509593,1,-67956.39349040715,-0.02994102393091837,68,68.0,302125.0,0.1331137717955214
Kitsap,all,275611.0,261274.833720271,6,-14336.16627972899,-0.05201594377484567,8,1.3333333333333333,31163.0,0.11306878172496744
Kittitas,all,44337.0,43664.551956073,8,-672.4480439269973,-0.01516674659825873,5,0.625,15185.0,0.3424904707129486
Klickitat,all,22735.0,20133.216237904002,14,-2601.783762095998,-0.11443957607635795,4,0.2857142857142857,14924.0,0.6564328128436332
Lewis,all,82149.0,74169.103418584,24,-7979.896581416004,-0.09713930274764153,10,0.4166666666666667,36960.0,0.4499141803308622
Lincoln,all,10876.0,8972.579180052,23,-1903.420819948,-0.1750111088587716,4,0.17391304347826086,10876.0,1.0
Mason,all,65726.0,61795.175888845,21,-3930.8241111550014,-0.059806227537884574,7,0.3333333333333333,21654.0,0.3294586617168244
Okanogan,all,42104.0,37535.955410546,41,-4568.044589454003,-0.10849431382894743,7,0.17073170731707318,21994.0,0.5223731711951358
Pacific,all,23365.0,19341.236234726,54,-4023.7637652740013,-0.1722133004611171,11,0.2037037037037037,23365.0,1.0
Pend Oreille,all,13401.0,12066.400442331,115,-1334.5995576690002,-0.09958954985963736,2,0.017391304347826087,5591.0,0.41720767106932316
Pierce,all,921130.0,874333.714310589,20,-46796.28568941099,-0.0508031284285725,37,1.85,181080.0,0.196584629748244
San Juan,all,17788.0,16378.394795549999,4,-1409.605204450001,-0.07924472703226901,1,0.25,1792.0,0.10074207330784798
Skagit,all,129523.0,124126.238145239,5,-5396.761854761004,-0.04166643649977999,5,1.0,12216.0,0.0943152953529489
Skamania,all,12036.0,11109.102955625,12,-926.8970443750004,-0.0770103891969924,2,0.16666666666666666,5152.0,0.4280491857760053
Snohomish,all,827957.0,812747.966043369,0,-15209.03395663097,-0.01836935246230296,15,inf,72260.0,0.08727506380162255
Spokane,all,539339.0,492602.796960663,23,-46736.20303933701,-0.08665459579102755,48,2.0869565217391304,188121.0,0.3487991782533805
Stevens,all,46445.0,41315.032265668,19,-5129.967734332,-0.11045252953669932,8,0.42105263157894735,22819.0,0.49131230487673594
Thurston,all,294793.0,281176.79514222,173,-13616.204857780016,-0.04618903724912062,6,0.03468208092485549,28612.0,0.09705793556834796
Wahkiakum,all,4422.0,3673.860556923,54,-748.1394430770001,-0.16918576279443692,1,0.018518518518518517,4422.0,1.0
Walla Walla,all,62584.0,56874.660796451,30,-5709.339203549003,-0.0912268184128372,5,0.16666666666666666,23807.0,0.3804007414035536
Whatcom,all,226847.0,218334.409919343,10,-8512.590080657013,-0.037525689476418086,10,1.0,34984.0,0.1542184820605959
Whitman,all,47973.0,45892.950154874,13,-2080.049845125999,-0.04335876107656388,6,0.46153846153846156,20024.0,0.4174014549850958
Yakima,all,256728.0,245204.351274354,130,-11523.648725645995,-0.044886606547186104,9,0.06923076923076923,40548.0,0.15794147891932317
Adams,aian,75.553763442,42.195447685000005,6,-33.358315757,-0.441517592735245,7,1.1666666666666667,75.553763442,1.0
Asotin,aian,266.960556845,204.301367538,3,-62.65918930699999,-0.2347132851666194,5,1.6666666666666667,205.398051045,0.7693947505670516
Benton,aian,1231.454735559,1159.660548647,59,-71.79418691199999,-0.05830030519100657,36,0.6101694915254238,984.622347335,0.7995603239838497
Chelan,aian,420.252151077,358.796764548,5,-61.45538652900001,-0.1462345555436311,20,4.0,372.60122302,0.8866134820847847
Clallam,aian,3961.306267646,3051.730932207,61,-909.5753354389999,-0.2296149991905356,17,0.2786885245901639,3372.961716546,0.8514771362403082
Clark,aian,3116.891202765,2990.967198442,45,-125.92400432299974,-0.040400513245791934,91,2.022222222222222,2485.492773974,0.7974268629489265
Columbia,aian,43.428571429,18.499883027,21,-24.928688402000002,-0.5740158513561775,1,0.047619047619047616,43.428571429,1.0
Cowlitz,aian,1445.958376256,1265.992725056,14,-179.96565120000014,-0.1244611561129323,27,1.9285714285714286,1317.45151321,0.9111268587282982
Douglas,aian,352.427189731,234.189941928,193,-118.237247803,-0.3354941140984267,6,0.031088082901554404,257.240712284,0.7299116520503035
Ferry,aian,1293.0,933.4855283009999,1,-359.51447169900007,-0.2780467685220418,3,3.0,1293.0,1.0
Franklin,aian,452.64815859099997,238.198503728,23,-214.44965486299998,-0.47376676739509416,18,0.782608695652174,375.97091729299996,0.830602997399392
Garfield,aian,18.0,3.766143618,1,-14.233856381999999,-0.790769799,1,1.0,18.0,1.0
Grant,aian,846.9586167790001,530.183967256,6,-316.7746495230001,-0.37401431811119673,20,3.3333333333333335,729.971214411,0.8618735318935589
Grays Harbor,aian,3537.155017921,2319.7505723599998,8,-1217.404445561,-0.3441761640055409,18,2.25,3424.447088906,0.9681359939148935
Island,aian,564.042774499,534.205536051,14,-29.837238447999994,-0.052898893128277974,15,1.0714285714285714,376.817898891,0.6680661749912516
Jefferson,aian,567.848222448,534.921306722,24,-32.92691572599995,-0.05798541656791959,7,0.2916666666666667,275.528999492,0.48521592319896933
King,aian,12016.024052271001,12462.860942051,23,446.8368897799992,0.03718675061203361,412,17.91304347826087,10018.353419592,0.8337494479048213
Kitsap,aian,3525.00762845,3427.695053824,21,-97.31257462600024,-0.027606344406349577,49,2.3333333333333335,2975.569434343,0.844131346079215
Kittitas,aian,419.416997824,246.87811692,41,-172.53888090400002,-0.41137789312106643,13,0.3170731707317073,414.020884699,0.9871342526578659
Klickitat,aian,518.898316499,209.292613127,54,-309.605703372,-0.5966596798018262,6,0.1111111111111111,518.898316499,1.0
Lewis,aian,1018.849036536,767.903000791,115,-250.94603574500002,-0.24630345296119158,18,0.1565217391304348,838.5128302969999,0.8230000718731326
Lincoln,aian,204.0,24.995044565999997,20,-179.004955434,-0.8774752717352942,4,0.2,204.0,1.0
Mason,aian,2001.141974261,1727.504807768,4,-273.637166493,-0.13674050617725472,15,3.75,1173.494373218,0.5864123527024406
Okanogan,aian,4612.323247677,3807.950095015,5,-804.3731526619999,-0.17439652632046618,13,2.6,4612.323247677,1.0
Pacific,aian,501.0,130.400815858,12,-370.599184142,-0.7397189304231537,11,0.9166666666666666,501.0,1.0
Pend Oreille,aian,373.0,187.74689115,1,-185.25310885,-0.4966571282841823,5,5.0,373.0,1.0
Pierce,aian,9781.271823121,9150.011670358,23,-631.2601527629995,-0.0645376352051504,143,6.217391304347826,7198.292934852,0.7359260702515856
San Juan,aian,92.0,18.705254336,19,-73.294745664,-0.7966820180869566,8,0.42105263157894735,92.0,1.0
Skagit,aian,2076.085254042,1802.1711743350002,173,-273.9140797069999,-0.1319377800953537,33,0.1907514450867052,1203.251428716,0.5795770796856002
Skamania,aian,170.0,39.858534182,57,-130.141465818,-0.7655380342235294,4,0.07017543859649122,170.0,1.0
Snohomish,aian,8093.086532471,8637.823729894,30,544.737197423,0.06730895502444104,138,4.6,5485.887881274,0.6778486624680925
Spokane,aian,6946.303744263,5619.198317455,10,-1327.1054268080006,-0.19105202934784793,113,11.3,6128.046496428,0.8822024953183476
Stevens,aian,2594.7242726920003,1894.9816134769999,10,-699.7426592150005,-0.2696790046554829,12,1.2,2482.817229654,0.9568713160717082
Thurston,aian,3662.307558335,3126.764074416,130,-535.5434839190002,-0.14623116037869716,45,0.34615384615384615,2776.941678533,0.7582491733150574
Wahkiakum,aian,55.0,9.96652689,7,-45.03347311,-0.8187904201818182,1,0.14285714285714285,55.0,1.0
Walla Walla,aian,437.89868657,284.599210027,9,-153.29947654299997,-0.3500797815672242,11,1.2222222222222223,382.967859477,0.8745581368985927
Whatcom,aian,5495.128541507,5165.49565025,494,-329.63289125699976,-0.05998638407948876,48,0.09716599190283401,5002.633088023,0.9103759903405396
Whitman,aian,274.981163364,204.70796557699998,11,-70.27319778700002,-0.2555564058545257,11,1.0,255.159085166,0.9279147780324103
Yakima,aian,9490.14122955,7293.594220396,15,-2196.547009153999,-0.23145567131440406,46,3.066666666666667,7352.382123861,0.7747389576213538
Adams,asian,129.0,18.448806695000002,45,-110.551193305,-0.8569859946124031,7,0.15555555555555556,129.0,1.0
Asotin,asian,206.0,65.204953684,21,-140.795046316,-0.6834710986213592,6,0.2857142857142857,206.0,1.0
Benton,asian,6350.653393736,6123.046066071,14,-227.6073276650004,-0.03583998583350527,34,2.4285714285714284,4856.609906645,0.7647417683722658
Chelan,asian,819.672402877,625.863081667,193,-193.80932121,-0.23644729349157195,22,0.11398963730569948,815.802014388,0.9952781276087677
Clallam,asian,1260.938904575,1213.441181377,1,-47.4977231979999,-0.03766853653707277,19,19.0,971.227329194,0.7702413857405349
Clark,asian,24334.998257861,24971.663103419,23,636.6648455579998,0.02616251864132911,83,3.608695652173913,16614.381426394,0.6827360844797682
Columbia,asian,21.0,15.460397719,1,-5.5396022810000005,-0.26379058480952383,1,1.0,21.0,1.0
Cowlitz,asian,1818.015737673,1755.292955102,6,-62.72278257100015,-0.03450068185398837,25,4.166666666666667,1562.946014422,0.8596988365032082
Douglas,asian,409.606797433,270.746336177,8,-138.860461256,-0.3390091720309247,9,1.125,409.606797433,1.0
Ferry,asian,62.339606501,72.864046465,14,10.524439964000003,0.1688242925279161,3,0.21428571428571427,62.339606501,1.0
Franklin,asian,1808.518526873,1565.844751584,24,-242.67377528899988,-0.13418373750839724,18,0.75,1565.268593644,0.8654976824320464
Garfield,asian,9.0,0.0,23,-9.0,-1.0,1,0.043478260869565216,9.0,1.0
Grant,asian,1173.3503401359999,714.875459545,21,-458.4748805909999,-0.3907399733125396,23,1.0952380952380953,1173.3503401359999,1.0
Grays Harbor,asian,1057.724014337,877.132631225,41,-180.59138311200002,-0.17073582585264255,17,0.4146341463414634,867.321269342,0.8199882555239631
Island,asian,4029.630982293,4434.443934942,54,404.8129526489997,0.10045906298314371,15,0.2777777777777778,2529.480979373,0.6277202529184539
Jefferson,asian,493.54974606400003,470.899270563,115,-22.650475501000017,-0.04589299393148277,5,0.043478260869565216,247.363737938,0.5011931216877248
King,asian,455885.762358626,421889.381013179,20,-33996.38134544698,-0.07457214976304408,341,17.05,327371.159783293,0.7180991090609319
Kitsap,asian,14310.866367539,15229.964704166,4,919.0983366269993,0.06422380819038101,43,10.75,9667.255345923,0.6755185254088465
Kittitas,asian,907.0,594.214518924,3,-312.785481076,-0.34485720074531423,12,4.0,899.0,0.9911797133406836
Klickitat,asian,145.598877666,89.556859653,12,-56.04201801299999,-0.3849069368622395,6,0.5,145.598877666,1.0
Lewis,asian,800.538781839,731.363209701,1,-69.175572138,-0.0864112691443751,17,17.0,712.8051035020001,0.8904067106712084
Lincoln,asian,76.96039604,19.38945803,23,-57.570938010000006,-0.7480592742802107,4,0.17391304347826086,76.96039604,1.0
Mason,asian,779.07098713,781.359777264,19,2.288790133999896,0.0029378454233439143,13,0.6842105263157895,474.677241625,0.6092862517877242
Okanogan,asian,272.864649535,147.888545837,173,-124.976103698,-0.4580150045488742,13,0.07514450867052024,272.864649535,1.0
Pacific,asian,502.88557317899995,395.410189261,57,-107.47538391799992,-0.21371737359374302,9,0.15789473684210525,275.853853646,0.5485419911774065
Pend Oreille,asian,69.0,20.257717852000003,30,-48.742282148,-0.7064098862028986,5,0.16666666666666666,69.0,1.0
Pierce,asian,63496.561350348,64006.4336542,10,509.8723038520038,0.008029919935959012,114,11.4,34470.951822531,0.5428790329658078
San Juan,asian,251.188559633,205.622577552,13,-45.565982081000016,-0.1814015023119459,7,0.5384615384615384,227.551968154,0.9059010031605964
Skagit,asian,2835.227344113,2592.829635495,130,-242.39770861800025,-0.08549498124773282,34,0.26153846153846155,2245.950878316,0.792159007276591
Skamania,asian,120.0,28.168496739,7,-91.831503261,-0.765262527175,5,0.7142857142857143,120.0,1.0
Snohomish,asian,102210.184150037,97013.828198177,9,-5196.355951860009,-0.050839904018098056,120,13.333333333333334,70818.031745665,0.692866687743262
Spokane,asian,12770.538018545,11620.922993491,494,-1149.6150250539995,-0.09002087644111488,97,0.19635627530364372,8870.847099687,0.6946337802530338
Stevens,asian,316.724272692,211.550628569,9,-105.173644123,-0.33206688969265263,15,1.6666666666666667,316.724272692,1.0
Thurston,asian,17308.287066032,18221.853729493,11,913.5666634609988,0.05278203787444103,53,4.818181818181818,13866.187087465,0.8011299462832334
Wahkiakum,asian,43.0,5.617757212,6,-37.382242788,-0.8693544834418604,1,0.16666666666666666,43.0,1.0
Walla Walla,asian,949.8378985100001,792.152065753,3,-157.68583275700007,-0.16601341450405385,12,4.0,841.818867165,0.8862763514548658
Whatcom,asian,10270.588047796,9489.5133638,59,-781.0746839959993,-0.07604965561476422,44,0.7457627118644068,7276.167826421,0.7084470521609927
Whitman,asian,3665.396398492,4874.225760466999,5,1208.8293619749993,0.3297949881961826,11,2.2,3083.1021607029998,0.8411374447717128
Yakima,asian,2859.891941625,2580.15162464,61,-279.74031698499994,-0.09781499535470231,51,0.8360655737704918,2581.765093643,0.9027491759622333
Adams,black,24.0,2.180540761,23,-21.819459239,-0.9091441349583333,6,0.2608695652173913,24.0,1.0
Asotin,black,117.960556845,95.84398860600001,1,-22.11656823899999,-0.18749121596688567,5,5.0,92.195823666,0.7815817942191065
Benton,black,2672.487845254,2438.376237949,6,-234.11160730500023,-0.08760062565700824,36,6.0,1954.847691328,0.7314711252287123
Chelan,black,257.084050359,197.907505373,8,-59.17654498600001,-0.2301836496794106,20,2.5,221.248834532,0.8606089495752124
Clallam,black,574.367363072,334.116358819,14,-240.25100425299996,-0.4182880499477183,22,1.5714285714285714,506.06939582200005,0.8810900973120953
Clark,black,11054.262728582,10121.370158713,24,-932.892569869,-0.08439211124021005,92,3.8333333333333335,8061.938398964,0.7293058430861228
Columbia,black,6.0,0.0,23,-6.0,-1.0,1,0.043478260869565216,6.0,1.0
Cowlitz,black,815.2969554809999,689.940599904,21,-125.35635557699993,-0.15375545650485542,24,1.1428571428571428,558.361597572,0.6848567185469054
Douglas,black,124.213594867,93.66749836,41,-30.546096507,-0.24591588819007143,9,0.21951219512195122,124.213594867,1.0
Ferry,black,21.0,0.0,54,-21.0,-1.0,3,0.05555555555555555,21.0,1.0
Franklin,black,1643.685212334,1042.495402558,115,-601.189809776,-0.36575726621177207,18,0.1565217391304348,1424.904828323,0.866896421304213
Garfield,black,3.0,0.0,20,-3.0,-1.0,1,0.05,3.0,1.0
Grant,black,678.133786847,645.79160476,4,-32.34218208699997,-0.04769292242077445,23,5.75,678.133786847,1.0
Grays Harbor,black,1009.939516131,336.562554557,5,-673.376961574,-0.6667497912683474,20,4.0,1009.939516131,1.0
Island,black,2311.294103899,1999.876197862,12,-311.4179060370002,-0.13473746396516947,16,1.3333333333333333,1442.632938789,0.6241667541812934
Jefferson,black,210.274873033,150.367689105,1,-59.907183927999995,-0.28489939413064497,10,10.0,210.274873033,1.0
King,black,150128.14917592,147199.853660754,23,-2928.2955151660135,-0.019505306175024113,370,16.08695652173913,109587.61034334,0.7299604434270708
Kitsap,black,7518.2404308000005,7270.425462216,19,-247.81496858400078,-0.032961830745499486,41,2.1578947368421053,4710.86402931,0.6265912978801512
Kittitas,black,392.41699782399996,304.680826375,173,-87.73617144899998,-0.22357892735408438,14,0.08092485549132948,392.41699782399996,1.0
Klickitat,black,74.598877666,46.127000929,57,-28.47187673700001,-0.38166628812401904,6,0.10526315789473684,74.598877666,1.0
Lewis,black,534.538781839,357.705890718,30,-176.832891121,-0.33081395986392814,18,0.6,452.699356102,0.8468971223089862
Lincoln,black,15.0,0.0,10,-15.0,-1.0,4,0.4,15.0,1.0
Mason,black,696.4283948489999,618.668809331,13,-77.75958551799988,-0.11165481777183965,19,1.4615384615384615,696.4283948489999,1.0
Okanogan,black,168.729299071,88.90560946000001,130,-79.823689611,-0.4730873064162425,11,0.08461538461538462,152.574928618,0.9042586525165237
Pacific,black,100.0,29.660045476,7,-70.339954524,-0.70339954524,11,1.5714285714285714,100.0,1.0
Pend Oreille,black,72.11629257,42.951699774999994,9,-29.164592795000004,-0.4044105951050002,4,0.4444444444444444,48.770123839,0.6762705361158308
Pierce,black,64207.992540817,62645.818195363,494,-1562.1743454540047,-0.024329904792786208,137,0.2773279352226721,41601.55322121,0.6479186091165193
San Juan,black,54.797139909,52.940825651,11,-1.8563142580000047,-0.03387611581704321,8,0.7272727272727273,54.797139909,1.0
Skagit,black,805.0426270199999,723.642147519,15,-81.40047950099995,-0.1011132538438585,37,2.466666666666667,587.515350526,0.729794088917734
Skamania,black,72.0,4.928380206,6,-67.071619794,-0.9315502749166666,3,0.5,72.0,1.0
Snohomish,black,28921.490042745,24518.363705954,2,-4403.126336791,-0.1522441039615637,146,73.0,24562.282525092,0.849274449165301
Spokane,black,10819.54959688,8008.625582275,59,-2810.9240146050006,-0.2598004648377949,114,1.9322033898305084,9224.541074245,0.8525808760934976
Stevens,black,157.692851223,104.546453928,2,-53.146397294999986,-0.3370247724156085,15,7.5,157.692851223,1.0
Thurston,black,9109.864681282,8389.372398618,61,-720.4922826640013,-0.07908924093509245,45,0.7377049180327869,6663.526773936,0.7314627612007805
Wahkiakum,black,21.0,0.008003249,45,-20.991996751,-0.9996188929047618,1,0.022222222222222223,21.0,1.0
Walla Walla,black,1028.756847766,609.4414214569999,21,-419.31542630900003,-0.40759429909950606,13,0.6190476190476191,995.017892145,0.9672041496547353
Whatcom,black,2316.247973057,2037.621222307,14,-278.6267507499999,-0.12029228044278284,46,3.2857142857142856,2091.646218355,0.9030320771719581
Whitman,black,1176.471745044,786.038928197,193,-390.432816847,-0.33186756799875194,11,0.05699481865284974,1053.000090999,0.8950491972585518
Yakima,black,1754.059083002,1503.335303051,1,-250.7237799510001,-0.14293918738580724,52,52.0,1578.752715447,0.9000567487983526
Adams,hisp,13120.0,13465.415062961,24,345.4150629609994,0.026327367603734712,4,0.16666666666666666,3497.0,0.26653963414634146
Asotin,hisp,915.0,498.618113857,23,-416.381886143,-0.4550621706480874,6,0.2608695652173913,915.0,1.0
Benton,hisp,49339.0,44827.304420579,21,-4511.695579421001,-0.09144278520888142,29,1.380952380952381,27666.0,0.5607328887898012
Chelan,hisp,22104.0,23015.158625426,41,911.1586254260001,0.04122143618467246,13,0.3170731707317073,8926.0,0.40381831342743396
Clallam,hisp,4732.0,3421.38514007,54,-1310.61485993,-0.2769684826563821,22,0.4074074074074074,4456.0,0.9416737109044802
Clark,hisp,58790.0,43997.072219762,115,-14792.927780238002,-0.2516231974866134,99,0.8608695652173913,51022.0,0.8678686851505358
Columbia,hisp,304.0,122.449285304,20,-181.550714696,-0.5972062983421053,1,0.05,304.0,1.0
Cowlitz,hisp,10802.0,9529.173337578,4,-1272.8266624219996,-0.11783249976134046,24,6.0,8512.0,0.7880022218107757
Douglas,hisp,14637.0,13851.804946516,4,-785.1950534839998,-0.05364453463715241,2,0.5,2060.0,0.14073922251827561
Ferry,hisp,210.0,100.942775865,12,-109.057224135,-0.5193201149285714,3,0.25,210.0,1.0
Franklin,hisp,52445.0,51672.658180141,1,-772.3418198590007,-0.014726700731413874,7,7.0,14191.0,0.27058823529411763
Garfield,hisp,110.0,10.723959096,23,-99.276040904,-0.9025094627636363,1,0.043478260869565216,110.0,1.0
Grant,hisp,42401.0,41778.274761364,19,-622.7252386359978,-0.014686569624206924,15,0.7894736842105263,24770.0,0.5841843352751115
Grays Harbor,hisp,7834.0,5715.622518031,173,-2118.3774819689997,-0.2704081544509829,17,0.09826589595375723,5732.0,0.7316824100076589
Island,hisp,7118.0,5311.852197893,57,-1806.1478021069997,-0.2537437204421185,22,0.38596491228070173,7012.0,0.9851081764540601
Jefferson,hisp,1305.0,517.793063387,30,-787.206936613,-0.6032237062168583,10,0.3333333333333333,1305.0,1.0
King,hisp,243021.0,216828.668785623,10,-26192.331214376987,-0.10777805709949752,379,37.9,173206.0,0.7127202998917789
Kitsap,hisp,24184.0,18072.765591998,13,-6111.234408002001,-0.2526974201125538,47,3.6153846153846154,19670.0,0.8133476678795898
Kittitas,hisp,4594.0,3278.518504137,130,-1315.481495863,-0.28634773527710056,13,0.1,3934.0,0.8563343491510667
Klickitat,hisp,2913.0,1991.6919242019999,7,-921.3080757980001,-0.3162746569852386,6,0.8571428571428571,2913.0,1.0
Lewis,hisp,8830.0,6551.782297504,9,-2278.217702496,-0.25800879982967156,18,2.0,7349.0,0.8322763306908267
Lincoln,hisp,385.0,71.695175299,494,-313.30482470100003,-0.8137787654571429,4,0.008097165991902834,385.0,1.0
Mason,hisp,7595.0,5794.847158435,11,-1800.152841565,-0.2370181489881501,17,1.5454545454545454,5962.0,0.7849901250822909
Okanogan,hisp,8197.0,7282.523814209,15,-914.4761857909998,-0.11156230154824934,9,0.6,3320.0,0.40502622910821034
Pacific,hisp,2196.0,1523.2984613029998,6,-672.7015386970002,-0.30633039102777787,11,1.8333333333333333,2196.0,1.0
Pend Oreille,hisp,448.0,122.227463007,3,-325.772536993,-0.7271708415022322,5,1.6666666666666667,448.0,1.0
Pierce,hisp,111811.0,93024.429180262,59,-18786.570819738,-0.16802077451894715,149,2.5254237288135593,85077.0,0.760900090331005
San Juan,hisp,1298.0,945.493729054,5,-352.506270946,-0.2715764799275809,7,1.4,819.0,0.6309707241910631
Skagit,hisp,23792.0,23910.326172891,61,118.32617289100017,0.004973359654127445,31,0.5081967213114754,14887.0,0.6257145258910558
Skamania,hisp,765.0,510.86753852500004,40,-254.13246147499996,-0.3321992960457516,5,0.125,765.0,1.0
Snohomish,hisp,95644.0,85027.362396348,21,-10616.637603651994,-0.1110016059936012,121,5.761904761904762,65775.0,0.6877064949186567
Spokane,hisp,35350.0,21018.2264505,9,-14331.773549500002,-0.40542499432814716,128,14.222222222222221,34708.0,0.9818387553041018
Stevens,hisp,1685.0,591.319019621,193,-1093.680980379,-0.6490688310854599,15,0.07772020725388601,1685.0,1.0
Thurston,hisp,29024.0,23192.648811806,1,-5831.351188193999,-0.20091480113678334,47,47.0,22231.0,0.7659523153252481
Wahkiakum,hisp,183.0,50.049688537,23,-132.950311463,-0.7265044342240436,1,0.043478260869565216,183.0,1.0
Walla Walla,hisp,14206.0,12856.552690653,1,-1349.4473093470006,-0.09499136346241029,9,9.0,8077.0,0.5685625791918908
Whatcom,hisp,22825.0,19049.222935795,6,-3775.777064205002,-0.16542287247338452,41,6.833333333333333,15508.0,0.6794304490690033
Whitman,hisp,4052.0,2445.065366346,8,-1606.9346336540002,-0.39657814256021723,12,1.5,4052.0,1.0
Yakima,hisp,130049.0,130387.619002827,14,338.6190028270066,0.002603780135387482,25,1.7857142857142858,45722.0,0.351575175510769
Adams,multi,332.016129032,23.633611429000002,115,-308.382517603,-0.9288178815351402,7,0.06086956521739131,332.016129032,1.0
Asotin,multi,1157.986078887,388.38704865,20,-769.5990302370001,-0.6646012799883582,6,0.3,1157.986078887,1.0
Benton,multi,9877.960616912,3710.1871563580003,4,-6167.773460553999,-0.6243974540649807,45,11.25,9877.960616912,1.0
Chelan,multi,2809.493705035,732.853173903,5,-2076.640531132,-0.739151160015192,23,4.6,2809.493705035,1.0
Clallam,multi,4891.426086955,2060.837936117,12,-2830.588150838,-0.5786836191569832,24,2.0,4891.426086955,1.0
Clark,multi,31287.991370013,16683.630539015,1,-14604.360830997997,-0.46677208064545467,113,113.0,30979.17734628,0.9901299504950334
Columbia,multi,196.571428571,22.856804847,23,-173.714623724,-0.8837226497606476,1,0.043478260869565216,196.571428571,1.0
Cowlitz,multi,6662.889836293,3042.891765464,19,-3619.9980708290004,-0.5433075076689308,29,1.5263157894736843,6590.01296044,0.9890622721306246
Douglas,multi,1673.096989966,480.571480473,173,-1192.5255094929998,-0.7127653188338077,9,0.05202312138728324,1673.096989966,1.0
Ferry,multi,498.87425149700005,134.925665767,57,-363.94858573000005,-0.7295397279732899,3,0.05263157894736842,498.87425149700005,1.0
Franklin,multi,2562.907083717,842.701343879,30,-1720.2057398380002,-0.6711931738637887,21,0.7,2562.907083717,1.0
Garfield,multi,86.0,8.913182136,10,-77.086817864,-0.8963583472558139,1,0.1,86.0,1.0
Grant,multi,3192.540816326,981.2724765309999,13,-2211.268339795,-0.6926358869045703,23,1.7692307692307692,3192.540816326,1.0
Grays Harbor,multi,4597.493279568,1574.480206492,130,-3023.0130730759997,-0.6575350716684583,20,0.15384615384615385,4597.493279568,1.0
Island,multi,6084.256880733,3283.998823197,6,-2800.258057536,-0.4602465202288828,21,3.5,5539.104315324,0.9103994824519436
Jefferson,multi,1902.811173185,634.7459530369999,9,-1268.065220148,-0.6664167406718885,10,1.1111111111111112,1902.811173185,1.0
King,multi,147976.289680471,94125.322276767,494,-53850.96740370401,-0.3639161890055886,471,0.9534412955465587,142401.158168696,0.9623241566347317
Kitsap,multi,22538.504150572,14192.987037082,11,-8345.51711349,-0.3702782162354905,58,5.2727272727272725,22128.302786226,0.9817999738755693
Kittitas,multi,2349.270050763,761.502590646,15,-1587.7674601170002,-0.6758556597617724,13,0.8666666666666667,2243.2436548240003,0.9548683660677646
Klickitat,multi,1210.915151515,270.86653682,6,-940.048614695,-0.7763125380988805,6,1.0,1210.915151515,1.0
Lewis,multi,4862.733997903,1610.056374559,3,-3252.6776233440005,-0.6688989413664579,21,7.0,4862.733997903,1.0
Lincoln,multi,555.237623761,57.273073452,59,-497.964550309,-0.8968494370679516,4,0.06779661016949153,555.237623761,1.0
Mason,multi,4409.082111436,1936.395342881,5,-2472.6867685549996,-0.5608166747771606,19,3.8,4409.082111436,1.0
Okanogan,multi,2008.933130699,495.751479851,61,-1513.1816508480001,-0.7532264900830695,13,0.21311475409836064,2008.933130699,1.0
Pacific,multi,1315.392320535,317.841253083,45,-997.5510674519999,-0.7583677142392569,11,0.24444444444444444,1315.392320535,1.0
Pend Oreille,multi,676.006578947,160.779008695,21,-515.227570252,-0.7621635444059705,5,0.23809523809523808,676.006578947,1.0
Pierce,multi,79474.434006788,54477.496445597,14,-24996.937561191,-0.31452803500375964,183,13.071428571428571,75165.62055869101,0.9457836535491531
San Juan,multi,936.26006192,256.237761787,193,-680.022300133,-0.726317748445309,8,0.04145077720207254,936.26006192,1.0
Skagit,multi,6480.8171824089995,2450.535503742,1,-4030.2816786669996,-0.6218786250608128,41,41.0,6480.8171824089995,1.0
Skamania,multi,722.9268292679999,252.22214806,19,-470.7046812079999,-0.651109714221856,5,0.2631578947368421,722.9268292679999,1.0
Snohomish,multi,55463.632215517,33853.714160369,0,-21609.918055147995,-0.3896232033844731,167,inf,53650.4931801,0.9673094068493094
Spokane,multi,34823.861807699,14228.386437139001,6,-20595.47537056,-0.5914184786365845,130,21.666666666666668,34823.861807699,1.0
Stevens,multi,2614.4344135799997,806.796172899,7,-1807.6382406809998,-0.6914069946798792,15,2.142857142857143,2614.4344135799997,1.0
Thurston,multi,22799.911471211,13479.251945393,13,-9320.659525817999,-0.4088024437106702,59,4.538461538461538,21999.880344232,0.9649107792374904
Wahkiakum,multi,271.673076923,70.016345388,24,-201.656731535,-0.7422772025074658,1,0.041666666666666664,271.673076923,1.0
Walla Walla,multi,2945.046531304,822.773018954,23,-2122.2735123499997,-0.7206247812357331,14,0.6086956521739131,2945.046531304,1.0
Whatcom,multi,13661.23385227,6618.702285765,21,-7042.531566504999,-0.5155121157182143,54,2.5714285714285716,13661.23385227,1.0
Whitman,multi,2861.168700643,1553.118213319,41,-1308.0504873240002,-0.45717349243686245,10,0.24390243902439024,2213.929648239,0.7737850787132741
Yakima,multi,7674.718826405,2522.370865218,54,-5152.347961187001,-0.6713402898175579,57,1.0555555555555556,7674.718826405,1.0
Adams,nhpi,7.184587815,7.437015972,1,0.25242815699999976,0.03513467487626495,7,7.0,7.184587815,1.0
Asotin,nhpi,34.0,6.071719196,23,-27.928280804,-0.8214200236470588,6,0.2608695652173913,34.0,1.0
Benton,nhpi,536.0,38.972909141,19,-497.027090859,-0.9272893486175373,40,2.1052631578947367,536.0,1.0
Chelan,nhpi,109.0,3.623533057,173,-105.376466943,-0.9667565774587156,19,0.10982658959537572,109.0,1.0
Clallam,nhpi,129.836815357,88.414122995,57,-41.42269236200001,-0.31903657100725974,23,0.40350877192982454,126.66939582,0.9756046116173533
Clark,nhpi,5370.797450242,3791.722202069,30,-1579.075248173,-0.29401132006976904,97,3.2333333333333334,4483.63679379,0.834817703577329
Columbia,nhpi,0.0,0.0,10,0.0,,0,0.0,0.0,
Cowlitz,nhpi,670.718782195,297.909444791,13,-372.809337404,-0.5558355413634624,26,2.0,614.073990034,0.9155461369731979
Douglas,nhpi,69.427189731,49.143580203,130,-20.283609528,-0.2921565687245893,8,0.06153846153846154,68.474283648,0.9862747421191597
Ferry,nhpi,11.0,0.0,7,-11.0,-1.0,2,0.2857142857142857,11.0,1.0
Franklin,nhpi,210.648158591,71.780342925,9,-138.867815666,-0.6592405867436487,20,2.2222222222222223,208.588628069,0.9902228885560835
Garfield,nhpi,0.0,0.0,494,0.0,,0,0.0,0.0,
Grant,nhpi,96.0,2.3558285139999997,11,-93.644171486,-0.9754601196458333,16,1.4545454545454546,96.0,1.0
Grays Harbor,nhpi,127.0,6.567527089,15,-120.432472911,-0.9482871882755906,17,1.1333333333333333,127.0,1.0
Island,nhpi,426.625664702,376.891479174,6,-49.73418552800001,-0.11657570006422274,20,3.3333333333333335,385.850821665,0.9044247770103531
Jefferson,nhpi,52.274873033000006,52.311861675,3,0.036988641999997185,0.000707579757805381,7,2.3333333333333335,38.380459625,0.7342047411721352
King,nhpi,19914.789245413,18351.347483872,59,-1563.441761541002,-0.07850656827317977,447,7.576271186440678,16948.087982223,0.851030245581267
Kitsap,nhpi,2912.6221225140002,2548.1057974200003,5,-364.51632509399997,-0.12515057215158806,44,8.8,2246.3187772720003,0.7712359114175488
Kittitas,nhpi,87.0,3.083712787,61,-83.916287213,-0.9645550254367816,9,0.14754098360655737,87.0,1.0
Klickitat,nhpi,40.299438832999996,4.353523846,45,-35.945914986999995,-0.8919706087213544,6,0.13333333333333333,40.299438832999996,1.0
Lewis,nhpi,161.304817325,78.88942663099999,21,-82.415390694,-0.5109295063888136,18,0.8571428571428571,145.501669371,0.9020292870599177
Lincoln,nhpi,14.0,0.0,14,-14.0,-1.0,3,0.21428571428571427,14.0,1.0
Mason,nhpi,228.642592279,209.40054888999998,193,-19.24204338900003,-0.08415773805398437,19,0.09844559585492228,228.642592279,1.0
Okanogan,nhpi,40.0,0.004465498,1,-39.995534502,-0.9998883625499999,10,10.0,40.0,1.0
Pacific,nhpi,39.0,0.001060436,23,-38.998939564,-0.9999728093333332,9,0.391304347826087,39.0,1.0
Pend Oreille,nhpi,9.0,2.32716267,1,-6.67283733,-0.74142637,2,2.0,9.0,1.0
Pierce,nhpi,18381.411928576,13884.889011469,6,-4496.522917106999,-0.2446233692264217,163,27.166666666666668,14984.301553874,0.8151877348757521
San Juan,nhpi,23.0,4.029907379,8,-18.970092621,-0.8247866356956521,7,0.875,23.0,1.0
Skagit,nhpi,388.0,40.91843958,14,-347.08156042,-0.8945401041752578,36,2.5714285714285716,388.0,1.0
Skamania,nhpi,29.0,0.0,24,-29.0,-1.0,3,0.125,29.0,1.0
Snohomish,nhpi,5086.687640984,4458.921468381,16,-627.7661726030001,-0.12341354864116665,152,9.5,4556.236831432,0.8957178330986753
Spokane,nhpi,4300.965265009,2352.74110144,20,-1948.2241635690002,-0.45297370323331904,124,6.2,4257.501342684,0.989894379599248
Stevens,nhpi,84.0,5.017293629,36,-78.982706371,-0.9402703139404762,11,0.3055555555555556,84.0,1.0
Thurston,nhpi,3313.288227092,2513.0168126119997,54,-800.2714144800002,-0.24153389612662246,55,1.0185185185185186,3004.450433347,0.9067881293212875
Wahkiakum,nhpi,2.0,0.0,115,-2.0,-1.0,1,0.008695652173913044,2.0,1.0
Walla Walla,nhpi,141.790621702,109.210200508,20,-32.58042119400001,-0.22977839297773847,10,0.5,117.336449381,0.8275332174479415
Whatcom,nhpi,701.559715775,542.537337558,4,-159.02237821699998,-0.2266697682909728,48,12.0,628.3814030450001,0.8956919687882005
Whitman,nhpi,152.471745044,78.1221197931,5,-74.34962525089999,-0.4876288733328547,11,2.2,142.189316806,0.9325617462105342
Yakima,nhpi,226.410299195,111.74963835,12,-114.660660845,-0.5064286441591882,52,4.333333333333333,223.29595846,0.9862447037697799
Adams,white,6925.245519712,4898.64522311,30,-2026.6002966019996,-0.29263948705262366,7,0.23333333333333334,6925.245519712,1.0
Asotin,white,19587.092807425,20116.517469364,10,529.4246619389996,0.027029261929994396,0,0.0,0.0,0.0
Benton,white,136865.443408536,139234.318222172,13,2368.874813636008,0.01730805639934285,8,0.6153846153846154,18515.860441282,0.13528513830926006
Chelan,white,52554.497690651,50584.156286598,130,-1970.341404052997,-0.03749139446924072,3,0.023076923076923078,5061.024733813,0.09630050625930184
Clallam,white,61605.124562397,61315.333593527,7,-289.79096887000196,-0.0047040075144476985,4,0.5714285714285714,8200.459119142,0.133113262531206
Clark,white,369356.058990509,382422.761710795,9,13066.702720285975,0.03537698218894451,13,1.4444444444444444,33697.916743313,0.09123423299299092
Columbia,white,3381.0,3286.127434972,493,-94.87256502799983,-0.028060504296953514,0,0.0,0.0,0.0
Cowlitz,white,88515.120312108,90137.535605396,11,1622.4152932879952,0.018329244625859303,1,0.09090909090909091,2894.048296536,0.03269552463275727
Douglas,white,25672.228238272,26173.597657482,15,501.36941921000107,0.01952964170295754,1,0.06666666666666667,2048.805342131,0.07980629196326065
Ferry,white,5081.786142002,5138.834756762,6,57.04861476000042,0.01122609514959356,1,0.16666666666666666,385.453378956,0.0758499803386351
Franklin,white,37625.592859897,34448.696609206,3,-3176.8962506909957,-0.08443445030940816,11,3.6666666666666665,12676.432430184,0.3369098389329327
Garfield,white,2060.0,1764.006796879,59,-295.9932031210001,-0.1436860209325243,1,0.01694915254237288,2060.0,1.0
Grant,white,50735.01643991,48661.055821481,5,-2073.9606184290024,-0.04087828809290677,10,2.0,13914.843785168,0.2742650887212895
Grays Harbor,white,57472.688172042996,54913.026894589,61,-2559.661277453997,-0.04453700285937066,2,0.03278688524590164,5279.740099659,0.09186520184777569
Island,white,66323.149593876,67031.896496916,45,708.7469030399952,0.010686267274397322,2,0.044444444444444446,7088.940097521001,0.10688485304044673
Jefferson,white,28445.241112239,26895.677439537998,21,-1549.5636727010024,-0.0544753221316264,2,0.09523809523809523,4605.535678009001,0.16190882896146022
King,white,1240732.693841401,1290847.58509642,14,50114.891255019,0.0403913683453118,182,13.0,381718.748720137,0.30765591219999794
Kitsap,white,200621.75930013,200532.890073576,193,-88.86922655400122,-0.0004429690321928287,3,0.015544041450777202,6336.121926270001,0.03158242629500206
Kittitas,white,35587.895953587,38475.673686287,1,2887.7777327000003,0.08114494142801194,7,7.0,14501.723277736,0.40749032470615426
Klickitat,white,17831.689337823,17521.327779328,23,-310.3615584950021,-0.017405056392312233,0,0.0,0.0,0.0
Lewis,white,65940.800620053,64055.652527676,1,-1885.1480923770068,-0.028588492627487475,1,1.0,2510.895745493,0.03807802941248216
Lincoln,white,9625.801980198,8799.226428705,6,-826.5755514930006,-0.08587082439400007,2,0.3333333333333333,5199.542079208,0.5401671559319826
Mason,white,50016.63394004,50726.999444274,8,710.365504233996,0.01420258518567209,1,0.125,1637.36665778,0.0327364424351882
Okanogan,white,26804.149673022,25712.931400676,14,-1091.2182723459991,-0.04071079611394258,3,0.21428571428571427,5536.058487612,0.20653736660722968
Pacific,white,18710.722106287998,16944.624409308,24,-1766.0976969799995,-0.0943896065019574,5,0.20833333333333334,8929.122148024,0.47721953740220663
Pend Oreille,white,11753.877128482,11530.110499181,23,-223.76662930099883,-0.019037686616509498,0,0.0,0.0,0.0
Pierce,white,573977.328350354,577144.636153348,21,3167.307802994037,0.005518175799899752,44,2.0952380952380953,103109.51263994799,0.17964039265503925
San Juan,white,15132.754238539,14895.364739790999,41,-237.38949874800164,-0.015687131040788022,2,0.04878048780487805,2718.636149197,0.17965243513129783
Skagit,white,93145.827592414,92605.815071675,54,-540.0125207390083,-0.00579749554754064,6,0.1111111111111111,8501.160494343,0.09126721737383921
Skamania,white,10157.073170732001,10273.057857911,115,115.9846871789996,0.011419105211648366,1,0.008695652173913044,92.146341463,0.00907213524153033
Snohomish,white,532537.919418257,559237.952384245,17,26700.032965988037,0.05013733668985503,39,2.2941176470588234,111987.657323967,0.21029048494105737
Spokane,white,434327.78156761,429754.69607836497,3,-4573.085489245015,-0.010529111153653297,8,2.6666666666666665,23567.988031560002,0.05426313727041951
Stevens,white,38992.424189814,37700.821083546,3,-1291.603106268005,-0.03312446284387239,1,0.3333333333333333,328.26099537,0.008418583922149463
Thurston,white,209575.340996046,212253.887369878,12,2678.5463738320104,0.012780827940451954,4,0.3333333333333333,12511.678581697,0.05970014660232883
Wahkiakum,white,3846.326923077,3538.202235648,1,-308.124687429,-0.08010881383491582,0,0.0,0.0,0.0
Walla Walla,white,42874.500561222,41385.753600473,23,-1488.7469607489984,-0.034723365666339705,6,0.2608695652173913,17057.64711598,0.3978506313239215
Whatcom,white,171577.241869597,175431.31712387,19,3854.0752542729897,0.02246262506773587,7,0.3684210526315789,12443.710193659,0.07252541221706159
Whitman,white,35790.510247412996,35951.67180117,173,161.16155375700328,0.0045029129968509555,5,0.028901734104046242,14529.307533645,0.4059541882249417
Yakima,white,104673.641368184,100799.012635826,57,-3874.6287323580036,-0.03701627918655473,21,0.3684210526315789,22001.363184029,0.2101901003581252
